cpdid,seq.id,num_runs
CPDC130199,SEQ-130006,4
CPDC130199,SEQ-130008,4
CPDC130199,SEQ-130009,4
CPDC130199,SEQ-130010,4
CPDC130202,SEQ-130006,4
CPDC130202,SEQ-130008,4
CPDC130202,SEQ-130009,4
CPDC130202,SEQ-130010,4
CPDC130203,SEQ-130006,4
CPDC130203,SEQ-130008,4
CPDC130203,SEQ-130009,4
CPDC130203,SEQ-130010,4
CPDC130286,SEQ-130014,2
CPDC130286,SEQ-130016,2
CPDC130293,SEQ-130016,2
CPDC130293,SEQ-130019,2
CPDC130301,SEQ-130016,5
CPDC130301,SEQ-130017,5
CPDC130301,SEQ-130087,5
CPDC130301,SEQ-140083,5
CPDC130301,SEQ-150034,5
CPDC130379,SEQ-130017,2
CPDC130379,SEQ-130024,2
CPDC130386,SEQ-130020,2
CPDC130386,SEQ-130021,2
CPDC130393,SEQ-130020,2
CPDC130393,SEQ-130021,2
CPDC130403,SEQ-130024,2
CPDC130403,SEQ-130027,2
CPDC130478,SEQ-130025,4
CPDC130478,SEQ-130087,4
CPDC130478,SEQ-140083,4
CPDC130478,SEQ-150034,4
CPDC130487,SEQ-130025,4
CPDC130487,SEQ-130087,4
CPDC130487,SEQ-140077,4
CPDC130487,SEQ-150034,4
CPDC130493,SEQ-130027,4
CPDC130493,SEQ-130029,4
CPDC130493,SEQ-130031,4
CPDC130493,SEQ-130032,4
CPDC130498,SEQ-130029,3
CPDC130498,SEQ-130031,3
CPDC130498,SEQ-130032,3
CPDC130500,SEQ-130027,4
CPDC130500,SEQ-130029,4
CPDC130500,SEQ-130031,4
CPDC130500,SEQ-130032,4
CPDC130505,SEQ-130027,7
CPDC130505,SEQ-130093,7
CPDC130505,SEQ-130091,7
CPDC130505,SEQ-130087,7
CPDC130505,SEQ-140071,7
CPDC130505,SEQ-140027,7
CPDC130505,SEQ-150034,7
CPDC130506,SEQ-130029,3
CPDC130506,SEQ-130031,3
CPDC130506,SEQ-130032,3
CPDC130507,SEQ-130029,3
CPDC130507,SEQ-130031,3
CPDC130507,SEQ-130032,3
CPDC130508,SEQ-130027,2
CPDC130508,SEQ-130046,2
CPDC130512,SEQ-130029,3
CPDC130512,SEQ-130031,3
CPDC130512,SEQ-130032,3
CPDC130513,SEQ-130029,3
CPDC130513,SEQ-130031,3
CPDC130513,SEQ-130032,3
CPDC130514,SEQ-130029,3
CPDC130514,SEQ-130031,3
CPDC130514,SEQ-130032,3
CPDC130515,SEQ-130029,3
CPDC130515,SEQ-130031,3
CPDC130515,SEQ-130032,3
CPDC130516,SEQ-130029,3
CPDC130516,SEQ-130031,3
CPDC130516,SEQ-130032,3
CPDC130517,SEQ-130029,3
CPDC130517,SEQ-130031,3
CPDC130517,SEQ-130032,3
CPDC130518,SEQ-130029,3
CPDC130518,SEQ-130031,3
CPDC130518,SEQ-130032,3
CPDC130519,SEQ-130030,2
CPDC130519,SEQ-130034,2
CPDC130555,SEQ-130030,2
CPDC130555,SEQ-130034,2
CPDC130556,SEQ-130030,2
CPDC130556,SEQ-130034,2
CPDC130557,SEQ-130030,2
CPDC130557,SEQ-130034,2
CPDC130558,SEQ-130030,2
CPDC130558,SEQ-150137,2
CPDC130565,SEQ-130034,4
CPDC130565,SEQ-130041,4
CPDC130565,SEQ-130050,4
CPDC130565,SEQ-130053,4
CPDC130582,SEQ-130037,4
CPDC130582,SEQ-130040,4
CPDC130582,SEQ-130047,4
CPDC130582,SEQ-130052,4
CPDC130583,SEQ-130037,4
CPDC130583,SEQ-130040,4
CPDC130583,SEQ-130047,4
CPDC130583,SEQ-130052,4
CPDC130595,SEQ-130037,4
CPDC130595,SEQ-130041,4
CPDC130595,SEQ-130050,4
CPDC130595,SEQ-130053,4
CPDC130596,SEQ-130037,3
CPDC130596,SEQ-130041,3
CPDC130596,SEQ-130050,3
CPDC130602,SEQ-130040,3
CPDC130602,SEQ-130047,3
CPDC130602,SEQ-130052,3
CPDC130603,SEQ-130040,3
CPDC130603,SEQ-130047,3
CPDC130603,SEQ-130052,3
CPDC130604,SEQ-130040,4
CPDC130604,SEQ-130046,4
CPDC130604,SEQ-130047,4
CPDC130604,SEQ-130052,4
CPDC130606,SEQ-130040,4
CPDC130606,SEQ-130046,4
CPDC130606,SEQ-130047,4
CPDC130606,SEQ-130052,4
CPDC130607,SEQ-130040,3
CPDC130607,SEQ-130047,3
CPDC130607,SEQ-130052,3
CPDC130627,SEQ-130040,3
CPDC130627,SEQ-130047,3
CPDC130627,SEQ-130052,3
CPDC130646,SEQ-130040,3
CPDC130646,SEQ-130047,3
CPDC130646,SEQ-130052,3
CPDC130647,SEQ-130040,4
CPDC130647,SEQ-130046,4
CPDC130647,SEQ-130047,4
CPDC130647,SEQ-130052,4
CPDC130648,SEQ-130040,3
CPDC130648,SEQ-130047,3
CPDC130648,SEQ-130052,3
CPDC130650,SEQ-130040,4
CPDC130650,SEQ-130046,4
CPDC130650,SEQ-130047,4
CPDC130650,SEQ-130052,4
CPDC130651,SEQ-130040,4
CPDC130651,SEQ-130046,4
CPDC130651,SEQ-130047,4
CPDC130651,SEQ-130052,4
CPDC130652,SEQ-130040,3
CPDC130652,SEQ-130047,3
CPDC130652,SEQ-130052,3
CPDC130654,SEQ-130040,3
CPDC130654,SEQ-130047,3
CPDC130654,SEQ-130052,3
CPDC130655,SEQ-130040,3
CPDC130655,SEQ-130047,3
CPDC130655,SEQ-130052,3
CPDC130656,SEQ-130040,3
CPDC130656,SEQ-130047,3
CPDC130656,SEQ-130052,3
CPDC130657,SEQ-130040,3
CPDC130657,SEQ-130047,3
CPDC130657,SEQ-130052,3
CPDC130659,SEQ-130040,3
CPDC130659,SEQ-130047,3
CPDC130659,SEQ-130052,3
CPDC130664,SEQ-130040,3
CPDC130664,SEQ-130047,3
CPDC130664,SEQ-130052,3
CPDC130678,SEQ-130044,2
CPDC130678,SEQ-150137,2
CPDC130695,SEQ-130046,2
CPDC130695,SEQ-130048,2
CPDC130697,SEQ-130046,2
CPDC130697,SEQ-130048,2
CPDC130718,SEQ-130048,2
CPDC130718,SEQ-130050,2
CPDC130731,SEQ-130048,8
CPDC130731,SEQ-130059,8
CPDC130731,SEQ-130060,8
CPDC130731,SEQ-130062,8
CPDC130731,SEQ-130061,8
CPDC130731,SEQ-130063,8
CPDC130731,SEQ-130064,8
CPDC130731,SEQ-130073,8
CPDC130732,SEQ-130067,2
CPDC130732,SEQ-130072,2
CPDC130764,SEQ-130053,7
CPDC130764,SEQ-130059,7
CPDC130764,SEQ-130060,7
CPDC130764,SEQ-130062,7
CPDC130764,SEQ-130061,7
CPDC130764,SEQ-130063,7
CPDC130764,SEQ-130064,7
CPDC130774,SEQ-130054,2
CPDC130774,SEQ-130057,2
CPDC130797,SEQ-130054,2
CPDC130797,SEQ-130056,2
CPDC130800,SEQ-130054,2
CPDC130800,SEQ-130088,2
CPDC130831,SEQ-130056,2
CPDC130831,SEQ-130088,2
CPDC130845,SEQ-130057,5
CPDC130845,SEQ-130088,5
CPDC130845,SEQ-130087,5
CPDC130845,SEQ-140077,5
CPDC130845,SEQ-150034,5
CPDC130846,SEQ-130056,2
CPDC130846,SEQ-130057,2
CPDC130855,SEQ-130057,7
CPDC130855,SEQ-130059,7
CPDC130855,SEQ-130060,7
CPDC130855,SEQ-130062,7
CPDC130855,SEQ-130061,7
CPDC130855,SEQ-130063,7
CPDC130855,SEQ-130064,7
CPDC130858,SEQ-130057,6
CPDC130858,SEQ-130059,6
CPDC130858,SEQ-130060,6
CPDC130858,SEQ-130062,6
CPDC130858,SEQ-130061,6
CPDC130858,SEQ-130088,6
CPDC130865,SEQ-130057,9
CPDC130865,SEQ-130059,9
CPDC130865,SEQ-130060,9
CPDC130865,SEQ-130062,9
CPDC130865,SEQ-130061,9
CPDC130865,SEQ-130063,9
CPDC130865,SEQ-130064,9
CPDC130865,SEQ-130067,9
CPDC130865,SEQ-130073,9
CPDC130869,SEQ-130059,8
CPDC130869,SEQ-130060,8
CPDC130869,SEQ-130062,8
CPDC130869,SEQ-130061,8
CPDC130869,SEQ-130063,8
CPDC130869,SEQ-130064,8
CPDC130869,SEQ-130067,8
CPDC130869,SEQ-130079,8
CPDC130870,SEQ-130059,4
CPDC130870,SEQ-130060,4
CPDC130870,SEQ-130062,4
CPDC130870,SEQ-130061,4
CPDC130871,SEQ-130059,4
CPDC130871,SEQ-130060,4
CPDC130871,SEQ-130062,4
CPDC130871,SEQ-130061,4
CPDC130872,SEQ-130059,7
CPDC130872,SEQ-130060,7
CPDC130872,SEQ-130062,7
CPDC130872,SEQ-130061,7
CPDC130872,SEQ-130063,7
CPDC130872,SEQ-130064,7
CPDC130872,SEQ-130067,7
CPDC130873,SEQ-130059,4
CPDC130873,SEQ-130060,4
CPDC130873,SEQ-130062,4
CPDC130873,SEQ-130061,4
CPDC130874,SEQ-130059,8
CPDC130874,SEQ-130060,8
CPDC130874,SEQ-130062,8
CPDC130874,SEQ-130061,8
CPDC130874,SEQ-130063,8
CPDC130874,SEQ-130064,8
CPDC130874,SEQ-130067,8
CPDC130874,SEQ-130073,8
CPDC130915,SEQ-130066,4
CPDC130915,SEQ-130070,4
CPDC130915,SEQ-130088,4
CPDC130924,SEQ-130066,2
CPDC130924,SEQ-130069,2
CPDC130927,SEQ-130066,2
CPDC130927,SEQ-130068,2
CPDC130937,SEQ-130066,8
CPDC130937,SEQ-130093,8
CPDC130937,SEQ-130091,8
CPDC130937,SEQ-130088,8
CPDC130937,SEQ-130087,8
CPDC130937,SEQ-140071,8
CPDC130937,SEQ-140027,8
CPDC130937,SEQ-150034,8
CPDC131013,SEQ-130072,8
CPDC131013,SEQ-130093,8
CPDC131013,SEQ-130091,8
CPDC131013,SEQ-130088,8
CPDC131013,SEQ-130087,8
CPDC131013,SEQ-140071,8
CPDC131013,SEQ-140027,8
CPDC131013,SEQ-150034,8
CPDC131020,SEQ-130072,2
CPDC131020,SEQ-150029,2
CPDC131034,SEQ-130073,2
CPDC131034,SEQ-130075,2
CPDC131074,SEQ-130079,3
CPDC131074,SEQ-130081,3
CPDC131074,SEQ-130082,3
CPDC131075,SEQ-130079,3
CPDC131075,SEQ-130081,3
CPDC131075,SEQ-130082,3
CPDC131077,SEQ-130078,2
CPDC131077,SEQ-130079,2
CPDC131080,SEQ-130078,3
CPDC131080,SEQ-130081,3
CPDC131080,SEQ-130082,3
CPDC131083,SEQ-130079,3
CPDC131083,SEQ-130081,3
CPDC131083,SEQ-130082,3
CPDC131090,SEQ-130079,3
CPDC131090,SEQ-130081,3
CPDC131090,SEQ-130082,3
CPDC131094,SEQ-130079,3
CPDC131094,SEQ-130081,3
CPDC131094,SEQ-130082,3
CPDC131096,SEQ-130079,3
CPDC131096,SEQ-130081,3
CPDC131096,SEQ-130082,3
CPDC131099,SEQ-130081,2
CPDC131099,SEQ-130082,2
CPDC131100,SEQ-130081,2
CPDC131100,SEQ-130082,2
CPDC131101,SEQ-130081,2
CPDC131101,SEQ-130082,2
CPDC131102,SEQ-130081,2
CPDC131102,SEQ-130082,2
CPDC131104,SEQ-130081,2
CPDC131104,SEQ-130082,2
CPDC131105,SEQ-130081,2
CPDC131105,SEQ-130082,2
CPDC131106,SEQ-130081,2
CPDC131106,SEQ-130082,2
CPDC131107,SEQ-130081,2
CPDC131107,SEQ-130082,2
CPDC131114,SEQ-130081,9
CPDC131114,SEQ-130082,9
CPDC131114,SEQ-130093,9
CPDC131114,SEQ-130091,9
CPDC131114,SEQ-130088,9
CPDC131114,SEQ-130087,9
CPDC131114,SEQ-140071,9
CPDC131114,SEQ-140027,9
CPDC131114,SEQ-150034,9
CPDC131117,SEQ-130081,2
CPDC131117,SEQ-130082,2
CPDC131118,SEQ-130081,2
CPDC131118,SEQ-130082,2
CPDC131131,SEQ-130086,2
CPDC131131,SEQ-130088,2
CPDC131151,SEQ-130089,4
CPDC131151,SEQ-130093,4
CPDC131151,SEQ-130091,4
CPDC131151,SEQ-130088,4
CPDC131152,SEQ-130089,5
CPDC131152,SEQ-130093,5
CPDC131152,SEQ-130091,5
CPDC131152,SEQ-130088,5
CPDC131152,SEQ-140115,5
CPDC131153,SEQ-130089,4
CPDC131153,SEQ-130093,4
CPDC131153,SEQ-130091,4
CPDC131153,SEQ-130088,4
CPDC131154,SEQ-130089,4
CPDC131154,SEQ-130093,4
CPDC131154,SEQ-130091,4
CPDC131154,SEQ-130088,4
CPDC131182,SEQ-130089,3
CPDC131182,SEQ-130093,3
CPDC131182,SEQ-130091,3
CPDC131183,SEQ-130094,2
CPDC131183,SEQ-130095,2
CPDC131184,SEQ-130094,2
CPDC131184,SEQ-130095,2
CPDC131187,SEQ-130094,2
CPDC131187,SEQ-130097,2
CPDC131188,SEQ-130094,2
CPDC131188,SEQ-130095,2
CPDC131193,SEQ-130094,2
CPDC131193,SEQ-130095,2
CPDC131199,SEQ-130094,2
CPDC131199,SEQ-130095,2
CPDC131263,SEQ-130098,2
CPDC131263,SEQ-130099,2
CPDC131267,SEQ-130098,2
CPDC131267,SEQ-130099,2
CPDC131277,SEQ-130098,2
CPDC131277,SEQ-130099,2
CPDC131278,SEQ-130098,2
CPDC131278,SEQ-130099,2
CPDC131291,SEQ-130098,2
CPDC131291,SEQ-130099,2
CPDC131317,SEQ-130101,3
CPDC131317,SEQ-130102,3
CPDC131317,SEQ-130104,3
CPDC131318,SEQ-130101,3
CPDC131318,SEQ-130102,3
CPDC131318,SEQ-130104,3
CPDC131321,SEQ-130101,3
CPDC131321,SEQ-130102,3
CPDC131321,SEQ-130104,3
CPDC131322,SEQ-130101,3
CPDC131322,SEQ-130102,3
CPDC131322,SEQ-130104,3
CPDC131323,SEQ-130101,3
CPDC131323,SEQ-130102,3
CPDC131323,SEQ-130104,3
CPDC131324,SEQ-130101,3
CPDC131324,SEQ-130102,3
CPDC131324,SEQ-130104,3
CPDC131325,SEQ-130101,3
CPDC131325,SEQ-130102,3
CPDC131325,SEQ-130104,3
CPDC131326,SEQ-130101,3
CPDC131326,SEQ-130102,3
CPDC131326,SEQ-130104,3
CPDC131327,SEQ-130101,3
CPDC131327,SEQ-130102,3
CPDC131327,SEQ-130104,3
CPDC131329,SEQ-130101,3
CPDC131329,SEQ-130102,3
CPDC131329,SEQ-130104,3
CPDC131331,SEQ-130101,4
CPDC131331,SEQ-130102,4
CPDC131331,SEQ-130103,4
CPDC131331,SEQ-130104,4
CPDC131332,SEQ-130101,3
CPDC131332,SEQ-130102,3
CPDC131332,SEQ-130104,3
CPDC131333,SEQ-130101,3
CPDC131333,SEQ-130102,3
CPDC131333,SEQ-130104,3
CPDC131334,SEQ-130101,3
CPDC131334,SEQ-130102,3
CPDC131334,SEQ-130104,3
CPDC131335,SEQ-130101,3
CPDC131335,SEQ-130102,3
CPDC131335,SEQ-130104,3
CPDC131336,SEQ-130101,4
CPDC131336,SEQ-130102,4
CPDC131336,SEQ-130103,4
CPDC131336,SEQ-130104,4
CPDC131337,SEQ-130101,4
CPDC131337,SEQ-130102,4
CPDC131337,SEQ-130103,4
CPDC131337,SEQ-130104,4
CPDC131338,SEQ-130101,3
CPDC131338,SEQ-130102,3
CPDC131338,SEQ-130104,3
CPDC131339,SEQ-130101,4
CPDC131339,SEQ-130102,4
CPDC131339,SEQ-130103,4
CPDC131339,SEQ-130104,4
CPDC131342,SEQ-130101,3
CPDC131342,SEQ-130102,3
CPDC131342,SEQ-130104,3
CPDC131343,SEQ-130101,3
CPDC131343,SEQ-130102,3
CPDC131343,SEQ-130104,3
CPDC131344,SEQ-130101,3
CPDC131344,SEQ-130102,3
CPDC131344,SEQ-130104,3
CPDC131345,SEQ-130101,3
CPDC131345,SEQ-130102,3
CPDC131345,SEQ-130104,3
CPDC131346,SEQ-130101,3
CPDC131346,SEQ-130102,3
CPDC131346,SEQ-130104,3
CPDC131347,SEQ-130101,3
CPDC131347,SEQ-130102,3
CPDC131347,SEQ-130104,3
CPDC131348,SEQ-130101,3
CPDC131348,SEQ-130102,3
CPDC131348,SEQ-130104,3
CPDC131360,SEQ-130105,2
CPDC131360,SEQ-130106,2
CPDC131363,SEQ-130105,2
CPDC131363,SEQ-130106,2
CPDC131364,SEQ-130105,2
CPDC131364,SEQ-130106,2
CPDC131365,SEQ-130105,2
CPDC131365,SEQ-130106,2
CPDC131366,SEQ-130105,2
CPDC131366,SEQ-130106,2
CPDC131368,SEQ-130105,2
CPDC131368,SEQ-130106,2
CPDC131370,SEQ-130105,2
CPDC131370,SEQ-130106,2
CPDC131371,SEQ-130105,2
CPDC131371,SEQ-130106,2
CPDC131372,SEQ-130105,2
CPDC131372,SEQ-130106,2
CPDC131373,SEQ-130105,2
CPDC131373,SEQ-130106,2
CPDC131374,SEQ-130105,3
CPDC131374,SEQ-130107,3
CPDC131374,SEQ-130106,3
CPDC131379,SEQ-130105,2
CPDC131379,SEQ-130106,2
CPDC131382,SEQ-130105,2
CPDC131382,SEQ-130106,2
CPDC131383,SEQ-130105,2
CPDC131383,SEQ-130106,2
CPDC131384,SEQ-130105,2
CPDC131384,SEQ-130106,2
CPDC131385,SEQ-130105,2
CPDC131385,SEQ-130106,2
CPDC131387,SEQ-130105,2
CPDC131387,SEQ-130106,2
CPDC131389,SEQ-130105,2
CPDC131389,SEQ-130106,2
CPDC131395,SEQ-130109,2
CPDC131395,SEQ-130112,2
CPDC131426,SEQ-130113,2
CPDC131426,SEQ-130114,2
CPDC131431,SEQ-130109,2
CPDC131431,SEQ-130112,2
CPDC131438,SEQ-130110,2
CPDC131438,SEQ-130113,2
CPDC131460,SEQ-130113,2
CPDC131460,SEQ-130114,2
CPDC131477,SEQ-130113,2
CPDC131477,SEQ-130114,2
CPDC131478,SEQ-130113,2
CPDC131478,SEQ-130114,2
CPDC131503,SEQ-130115,3
CPDC131503,SEQ-140036,3
CPDC131503,SEQ-140054,3
CPDC131511,SEQ-130115,3
CPDC131511,SEQ-140036,3
CPDC131511,SEQ-140054,3
CPDC131522,SEQ-130116,2
CPDC131522,SEQ-130117,2
CPDC131523,SEQ-130116,4
CPDC131523,SEQ-130117,4
CPDC131523,SEQ-140036,4
CPDC131523,SEQ-140054,4
CPDC131524,SEQ-130116,2
CPDC131524,SEQ-130117,2
CPDC131528,SEQ-130116,2
CPDC131528,SEQ-130117,2
CPDC131529,SEQ-130116,2
CPDC131529,SEQ-130117,2
CPDC131530,SEQ-130116,2
CPDC131530,SEQ-130117,2
CPDC131537,SEQ-130116,2
CPDC131537,SEQ-130117,2
CPDC131538,SEQ-130116,2
CPDC131538,SEQ-130117,2
CPDC131540,SEQ-130116,2
CPDC131540,SEQ-130117,2
CPDC131541,SEQ-130116,2
CPDC131541,SEQ-130117,2
CPDC131542,SEQ-130116,2
CPDC131542,SEQ-130117,2
CPDC131543,SEQ-130116,2
CPDC131543,SEQ-130117,2
CPDC131544,SEQ-130116,2
CPDC131544,SEQ-130117,2
CPDC131545,SEQ-130116,2
CPDC131545,SEQ-130117,2
CPDC131546,SEQ-130116,2
CPDC131546,SEQ-130117,2
CPDC131547,SEQ-130116,4
CPDC131547,SEQ-130117,4
CPDC131547,SEQ-140036,4
CPDC131547,SEQ-140054,4
CPDC131548,SEQ-130116,2
CPDC131548,SEQ-130117,2
CPDC131549,SEQ-130116,2
CPDC131549,SEQ-130117,2
CPDC131554,SEQ-140001,3
CPDC131554,SEQ-140036,3
CPDC131554,SEQ-140054,3
CPDC140003,SEQ-140002,2
CPDC140003,SEQ-140003,2
CPDC140004,SEQ-140002,2
CPDC140004,SEQ-140003,2
CPDC140005,SEQ-140002,2
CPDC140005,SEQ-140003,2
CPDC140006,SEQ-140002,2
CPDC140006,SEQ-140003,2
CPDC140007,SEQ-140002,3
CPDC140007,SEQ-140004,3
CPDC140007,SEQ-140003,3
CPDC140008,SEQ-140002,2
CPDC140008,SEQ-140003,2
CPDC140009,SEQ-140002,2
CPDC140009,SEQ-140003,2
CPDC140011,SEQ-140002,2
CPDC140011,SEQ-140003,2
CPDC140012,SEQ-140002,4
CPDC140012,SEQ-140003,4
CPDC140012,SEQ-140036,4
CPDC140012,SEQ-140054,4
CPDC140013,SEQ-140002,2
CPDC140013,SEQ-140003,2
CPDC140014,SEQ-140002,2
CPDC140014,SEQ-140003,2
CPDC140015,SEQ-140002,2
CPDC140015,SEQ-140003,2
CPDC140016,SEQ-140004,2
CPDC140016,SEQ-140007,2
CPDC140017,SEQ-140002,3
CPDC140017,SEQ-140004,3
CPDC140017,SEQ-140003,3
CPDC140018,SEQ-140002,2
CPDC140018,SEQ-140003,2
CPDC140019,SEQ-140002,2
CPDC140019,SEQ-140003,2
CPDC140020,SEQ-140002,2
CPDC140020,SEQ-140003,2
CPDC140021,SEQ-140002,3
CPDC140021,SEQ-140004,3
CPDC140021,SEQ-140003,3
CPDC140031,SEQ-140004,3
CPDC140031,SEQ-140036,3
CPDC140031,SEQ-140054,3
CPDC140045,SEQ-140007,3
CPDC140045,SEQ-140036,3
CPDC140045,SEQ-140054,3
CPDC140096,SEQ-140010,2
CPDC140096,SEQ-140011,2
CPDC140097,SEQ-140010,2
CPDC140097,SEQ-140011,2
CPDC140104,SEQ-140010,2
CPDC140104,SEQ-140011,2
CPDC140124,SEQ-140011,2
CPDC140124,SEQ-140012,2
CPDC140132,SEQ-140011,2
CPDC140132,SEQ-140012,2
CPDC140137,SEQ-140011,2
CPDC140137,SEQ-140012,2
CPDC140141,SEQ-140011,2
CPDC140141,SEQ-140012,2
CPDC140148,SEQ-140011,2
CPDC140148,SEQ-140012,2
CPDC140152,SEQ-140011,3
CPDC140152,SEQ-140016,3
CPDC140152,SEQ-140012,3
CPDC140160,SEQ-140016,2
CPDC140160,SEQ-140018,2
CPDC140189,SEQ-140016,2
CPDC140189,SEQ-140077,2
CPDC140236,SEQ-140018,2
CPDC140236,SEQ-140020,2
CPDC140258,SEQ-140020,2
CPDC140258,SEQ-140024,2
CPDC140277,SEQ-140024,2
CPDC140277,SEQ-140027,2
CPDC140280,SEQ-140024,2
CPDC140280,SEQ-140027,2
CPDC140304,SEQ-140026,2
CPDC140304,SEQ-140028,2
CPDC140311,SEQ-140026,2
CPDC140311,SEQ-140028,2
CPDC140319,SEQ-140031,2
CPDC140319,SEQ-140032,2
CPDC140321,SEQ-140028,2
CPDC140321,SEQ-140029,2
CPDC140322,SEQ-140028,2
CPDC140322,SEQ-140029,2
CPDC140348,SEQ-140031,2
CPDC140348,SEQ-140032,2
CPDC140386,SEQ-140031,2
CPDC140386,SEQ-140032,2
CPDC140401,SEQ-140032,2
CPDC140401,SEQ-140034,2
CPDC140404,SEQ-140032,2
CPDC140404,SEQ-140034,2
CPDC140412,SEQ-140032,2
CPDC140412,SEQ-140034,2
CPDC140422,SEQ-140034,2
CPDC140422,SEQ-140040,2
CPDC140425,SEQ-140034,2
CPDC140425,SEQ-140040,2
CPDC140438,SEQ-140038,2
CPDC140438,SEQ-140040,2
CPDC140462,SEQ-140038,2
CPDC140462,SEQ-140040,2
CPDC140483,SEQ-140040,2
CPDC140483,SEQ-140042,2
CPDC140491,SEQ-140042,2
CPDC140491,SEQ-140044,2
CPDC140504,SEQ-140042,2
CPDC140504,SEQ-140044,2
CPDC140536,SEQ-140044,4
CPDC140536,SEQ-140045,4
CPDC140536,SEQ-140046,4
CPDC140536,SEQ-140050,4
CPDC140539,SEQ-140045,4
CPDC140539,SEQ-140046,4
CPDC140539,SEQ-140049,4
CPDC140539,SEQ-140050,4
CPDC140540,SEQ-140045,3
CPDC140540,SEQ-140046,3
CPDC140540,SEQ-140050,3
CPDC140541,SEQ-140045,3
CPDC140541,SEQ-140046,3
CPDC140541,SEQ-140050,3
CPDC140542,SEQ-140045,4
CPDC140542,SEQ-140046,4
CPDC140542,SEQ-140049,4
CPDC140542,SEQ-140050,4
CPDC140543,SEQ-140045,3
CPDC140543,SEQ-140046,3
CPDC140543,SEQ-140050,3
CPDC140544,SEQ-140045,3
CPDC140544,SEQ-140046,3
CPDC140544,SEQ-140050,3
CPDC140545,SEQ-140045,3
CPDC140545,SEQ-140046,3
CPDC140545,SEQ-140050,3
CPDC140546,SEQ-140045,3
CPDC140546,SEQ-140046,3
CPDC140546,SEQ-140050,3
CPDC140547,SEQ-140045,3
CPDC140547,SEQ-140046,3
CPDC140547,SEQ-140050,3
CPDC140548,SEQ-140045,3
CPDC140548,SEQ-140046,3
CPDC140548,SEQ-140050,3
CPDC140549,SEQ-140045,3
CPDC140549,SEQ-140046,3
CPDC140549,SEQ-140050,3
CPDC140550,SEQ-140045,3
CPDC140550,SEQ-140046,3
CPDC140550,SEQ-140050,3
CPDC140551,SEQ-140045,4
CPDC140551,SEQ-140046,4
CPDC140551,SEQ-140051,4
CPDC140551,SEQ-140050,4
CPDC140552,SEQ-140045,3
CPDC140552,SEQ-140046,3
CPDC140552,SEQ-140050,3
CPDC140553,SEQ-140045,4
CPDC140553,SEQ-140046,4
CPDC140553,SEQ-140051,4
CPDC140553,SEQ-140050,4
CPDC140554,SEQ-140045,3
CPDC140554,SEQ-140046,3
CPDC140554,SEQ-140050,3
CPDC140555,SEQ-140045,3
CPDC140555,SEQ-140046,3
CPDC140555,SEQ-140050,3
CPDC140556,SEQ-140045,3
CPDC140556,SEQ-140046,3
CPDC140556,SEQ-140050,3
CPDC140557,SEQ-140045,3
CPDC140557,SEQ-140046,3
CPDC140557,SEQ-140050,3
CPDC140558,SEQ-140045,3
CPDC140558,SEQ-140046,3
CPDC140558,SEQ-140050,3
CPDC140563,SEQ-140045,3
CPDC140563,SEQ-140046,3
CPDC140563,SEQ-140050,3
CPDC140564,SEQ-140049,2
CPDC140564,SEQ-140051,2
CPDC140618,SEQ-140051,2
CPDC140618,SEQ-140053,2
CPDC140625,SEQ-140051,2
CPDC140625,SEQ-140053,2
CPDC140626,SEQ-140051,3
CPDC140626,SEQ-140053,3
CPDC140626,SEQ-140058,3
CPDC140632,SEQ-140053,2
CPDC140632,SEQ-140056,2
CPDC140641,SEQ-140053,2
CPDC140641,SEQ-140055,2
CPDC140643,SEQ-140073,2
CPDC140643,SEQ-140074,2
CPDC140646,SEQ-140053,2
CPDC140646,SEQ-140055,2
CPDC140674,SEQ-140055,2
CPDC140674,SEQ-140056,2
CPDC140697,SEQ-140056,2
CPDC140697,SEQ-140058,2
CPDC140759,SEQ-140058,2
CPDC140759,SEQ-140064,2
CPDC140761,SEQ-140058,2
CPDC140761,SEQ-140064,2
CPDC140762,SEQ-140058,2
CPDC140762,SEQ-140064,2
CPDC140765,SEQ-140058,2
CPDC140765,SEQ-140064,2
CPDC140766,SEQ-140058,3
CPDC140766,SEQ-140062,3
CPDC140766,SEQ-140065,3
CPDC140769,SEQ-140058,3
CPDC140769,SEQ-140062,3
CPDC140769,SEQ-140064,3
CPDC140775,SEQ-140058,2
CPDC140775,SEQ-140064,2
CPDC140789,SEQ-140062,2
CPDC140789,SEQ-140065,2
CPDC140797,SEQ-140062,2
CPDC140797,SEQ-150029,2
CPDC140807,SEQ-140062,2
CPDC140807,SEQ-140065,2
CPDC140818,SEQ-140065,2
CPDC140818,SEQ-140067,2
CPDC140889,SEQ-140070,3
CPDC140889,SEQ-140073,3
CPDC140889,SEQ-140074,3
CPDC140899,SEQ-140070,2
CPDC140899,SEQ-150029,2
CPDC140905,SEQ-140070,3
CPDC140905,SEQ-140073,3
CPDC140905,SEQ-140074,3
CPDC140909,SEQ-140073,2
CPDC140909,SEQ-140074,2
CPDC140912,SEQ-140073,2
CPDC140912,SEQ-140074,2
CPDC140914,SEQ-140075,2
CPDC140914,SEQ-140076,2
CPDC140915,SEQ-140073,2
CPDC140915,SEQ-140074,2
CPDC140916,SEQ-140075,2
CPDC140916,SEQ-140076,2
CPDC140918,SEQ-140073,2
CPDC140918,SEQ-140074,2
CPDC140919,SEQ-140073,2
CPDC140919,SEQ-140074,2
CPDC140920,SEQ-140073,2
CPDC140920,SEQ-140074,2
CPDC140921,SEQ-140073,2
CPDC140921,SEQ-140074,2
CPDC140922,SEQ-140073,2
CPDC140922,SEQ-140074,2
CPDC140923,SEQ-140075,2
CPDC140923,SEQ-140076,2
CPDC140924,SEQ-140073,4
CPDC140924,SEQ-140074,4
CPDC140924,SEQ-140075,4
CPDC140924,SEQ-140076,4
CPDC140925,SEQ-140075,2
CPDC140925,SEQ-140076,2
CPDC140926,SEQ-140073,2
CPDC140926,SEQ-140074,2
CPDC140927,SEQ-140073,4
CPDC140927,SEQ-140074,4
CPDC140927,SEQ-140075,4
CPDC140927,SEQ-140076,4
CPDC140928,SEQ-140073,2
CPDC140928,SEQ-140074,2
CPDC140930,SEQ-140073,2
CPDC140930,SEQ-140074,2
CPDC140932,SEQ-140073,2
CPDC140932,SEQ-140074,2
CPDC140933,SEQ-140073,2
CPDC140933,SEQ-140074,2
CPDC140938,SEQ-140075,2
CPDC140938,SEQ-140076,2
CPDC140939,SEQ-140075,2
CPDC140939,SEQ-140076,2
CPDC140941,SEQ-140075,3
CPDC140941,SEQ-140076,3
CPDC140941,SEQ-140077,3
CPDC140942,SEQ-140073,2
CPDC140942,SEQ-140074,2
CPDC140943,SEQ-140073,2
CPDC140943,SEQ-140074,2
CPDC140945,SEQ-140073,2
CPDC140945,SEQ-140074,2
CPDC140946,SEQ-140073,2
CPDC140946,SEQ-140074,2
CPDC140947,SEQ-140075,3
CPDC140947,SEQ-140076,3
CPDC140947,SEQ-140077,3
CPDC140949,SEQ-140075,2
CPDC140949,SEQ-140076,2
CPDC140950,SEQ-140075,3
CPDC140950,SEQ-140076,3
CPDC140950,SEQ-140077,3
CPDC140951,SEQ-140075,2
CPDC140951,SEQ-140076,2
CPDC140953,SEQ-140075,2
CPDC140953,SEQ-140076,2
CPDC140954,SEQ-140075,2
CPDC140954,SEQ-140076,2
CPDC140955,SEQ-140075,2
CPDC140955,SEQ-140076,2
CPDC140957,SEQ-140075,3
CPDC140957,SEQ-140076,3
CPDC140957,SEQ-140077,3
CPDC140958,SEQ-140075,2
CPDC140958,SEQ-140076,2
CPDC140959,SEQ-140075,3
CPDC140959,SEQ-140076,3
CPDC140959,SEQ-140077,3
CPDC140960,SEQ-140075,2
CPDC140960,SEQ-140076,2
CPDC140964,SEQ-140075,2
CPDC140964,SEQ-140076,2
CPDC140993,SEQ-140075,2
CPDC140993,SEQ-140077,2
CPDC141019,SEQ-140079,2
CPDC141019,SEQ-140080,2
CPDC141020,SEQ-140079,2
CPDC141020,SEQ-140080,2
CPDC141021,SEQ-140079,2
CPDC141021,SEQ-140084,2
CPDC141022,SEQ-140079,2
CPDC141022,SEQ-140080,2
CPDC141027,SEQ-140079,3
CPDC141027,SEQ-140084,3
CPDC141027,SEQ-140087,3
CPDC141029,SEQ-140079,3
CPDC141029,SEQ-140084,3
CPDC141029,SEQ-140087,3
CPDC141036,SEQ-140079,2
CPDC141036,SEQ-140084,2
CPDC141041,SEQ-140080,2
CPDC141041,SEQ-140082,2
CPDC141043,SEQ-140080,2
CPDC141043,SEQ-140082,2
CPDC141054,SEQ-140082,3
CPDC141054,SEQ-140127,3
CPDC141054,SEQ-140129,3
CPDC141058,SEQ-140082,2
CPDC141058,SEQ-140086,2
CPDC141065,SEQ-140084,2
CPDC141065,SEQ-140087,2
CPDC141086,SEQ-140084,2
CPDC141086,SEQ-140087,2
CPDC141088,SEQ-140084,2
CPDC141088,SEQ-140087,2
CPDC141090,SEQ-140084,2
CPDC141090,SEQ-140086,2
CPDC141093,SEQ-140084,2
CPDC141093,SEQ-140087,2
CPDC141102,SEQ-140084,4
CPDC141102,SEQ-140086,4
CPDC141102,SEQ-140127,4
CPDC141102,SEQ-140129,4
CPDC141103,SEQ-140085,2
CPDC141103,SEQ-140086,2
CPDC141104,SEQ-140085,2
CPDC141104,SEQ-140086,2
CPDC141105,SEQ-140085,2
CPDC141105,SEQ-140086,2
CPDC141108,SEQ-140085,2
CPDC141108,SEQ-140086,2
CPDC141120,SEQ-140085,3
CPDC141120,SEQ-140086,3
CPDC141120,SEQ-140087,3
CPDC141121,SEQ-140085,6
CPDC141121,SEQ-140086,6
CPDC141121,SEQ-140087,6
CPDC141121,SEQ-140089,6
CPDC141121,SEQ-140114,6
CPDC141121,SEQ-140119,6
CPDC141123,SEQ-140085,2
CPDC141123,SEQ-140086,2
CPDC141124,SEQ-140085,2
CPDC141124,SEQ-140086,2
CPDC141126,SEQ-140085,2
CPDC141126,SEQ-140086,2
CPDC141127,SEQ-140085,2
CPDC141127,SEQ-140086,2
CPDC141128,SEQ-140085,2
CPDC141128,SEQ-140086,2
CPDC141129,SEQ-140085,2
CPDC141129,SEQ-140086,2
CPDC141130,SEQ-140085,2
CPDC141130,SEQ-140086,2
CPDC141131,SEQ-140089,3
CPDC141131,SEQ-140114,3
CPDC141131,SEQ-140119,3
CPDC141132,SEQ-140085,5
CPDC141132,SEQ-140086,5
CPDC141132,SEQ-140089,5
CPDC141132,SEQ-140114,5
CPDC141132,SEQ-140119,5
CPDC141134,SEQ-140085,2
CPDC141134,SEQ-140086,2
CPDC141136,SEQ-140085,2
CPDC141136,SEQ-140086,2
CPDC141138,SEQ-140085,2
CPDC141138,SEQ-140086,2
CPDC141154,SEQ-140087,4
CPDC141154,SEQ-140089,4
CPDC141154,SEQ-140114,4
CPDC141154,SEQ-140119,4
CPDC141159,SEQ-140087,4
CPDC141159,SEQ-140089,4
CPDC141159,SEQ-140114,4
CPDC141159,SEQ-140119,4
CPDC141160,SEQ-140087,4
CPDC141160,SEQ-140089,4
CPDC141160,SEQ-140114,4
CPDC141160,SEQ-140119,4
CPDC141161,SEQ-140087,4
CPDC141161,SEQ-140089,4
CPDC141161,SEQ-140114,4
CPDC141161,SEQ-140119,4
CPDC141179,SEQ-140087,4
CPDC141179,SEQ-140089,4
CPDC141179,SEQ-140114,4
CPDC141179,SEQ-140119,4
CPDC141181,SEQ-140087,4
CPDC141181,SEQ-140089,4
CPDC141181,SEQ-140114,4
CPDC141181,SEQ-140119,4
CPDC141189,SEQ-140089,5
CPDC141189,SEQ-140092,5
CPDC141189,SEQ-140093,5
CPDC141189,SEQ-140114,5
CPDC141189,SEQ-140119,5
CPDC141190,SEQ-140089,3
CPDC141190,SEQ-140114,3
CPDC141190,SEQ-140119,3
CPDC141191,SEQ-140091,3
CPDC141191,SEQ-140095,3
CPDC141191,SEQ-140139,3
CPDC141192,SEQ-140089,3
CPDC141192,SEQ-140114,3
CPDC141192,SEQ-140119,3
CPDC141193,SEQ-140089,3
CPDC141193,SEQ-140114,3
CPDC141193,SEQ-140119,3
CPDC141194,SEQ-140089,3
CPDC141194,SEQ-140114,3
CPDC141194,SEQ-140119,3
CPDC141195,SEQ-140089,3
CPDC141195,SEQ-140114,3
CPDC141195,SEQ-140119,3
CPDC141196,SEQ-140089,3
CPDC141196,SEQ-140114,3
CPDC141196,SEQ-140119,3
CPDC141197,SEQ-140089,3
CPDC141197,SEQ-140114,3
CPDC141197,SEQ-140119,3
CPDC141201,SEQ-140089,3
CPDC141201,SEQ-140114,3
CPDC141201,SEQ-140119,3
CPDC141202,SEQ-140089,3
CPDC141202,SEQ-140114,3
CPDC141202,SEQ-140119,3
CPDC141205,SEQ-140089,3
CPDC141205,SEQ-140114,3
CPDC141205,SEQ-140119,3
CPDC141206,SEQ-140089,3
CPDC141206,SEQ-140114,3
CPDC141206,SEQ-140119,3
CPDC141208,SEQ-140089,3
CPDC141208,SEQ-140114,3
CPDC141208,SEQ-140119,3
CPDC141209,SEQ-140089,3
CPDC141209,SEQ-140114,3
CPDC141209,SEQ-140119,3
CPDC141212,SEQ-140091,2
CPDC141212,SEQ-140092,2
CPDC141215,SEQ-140091,2
CPDC141215,SEQ-140092,2
CPDC141216,SEQ-140091,2
CPDC141216,SEQ-140092,2
CPDC141217,SEQ-140091,2
CPDC141217,SEQ-140092,2
CPDC141218,SEQ-140091,3
CPDC141218,SEQ-140095,3
CPDC141218,SEQ-140139,3
CPDC141222,SEQ-140091,2
CPDC141222,SEQ-140092,2
CPDC141224,SEQ-140091,2
CPDC141224,SEQ-140092,2
CPDC141225,SEQ-140091,2
CPDC141225,SEQ-140092,2
CPDC141226,SEQ-140091,2
CPDC141226,SEQ-140092,2
CPDC141227,SEQ-140091,2
CPDC141227,SEQ-140092,2
CPDC141228,SEQ-140091,2
CPDC141228,SEQ-140092,2
CPDC141230,SEQ-140091,2
CPDC141230,SEQ-140092,2
CPDC141232,SEQ-140091,2
CPDC141232,SEQ-140092,2
CPDC141260,SEQ-140095,2
CPDC141260,SEQ-140139,2
CPDC141261,SEQ-140093,2
CPDC141261,SEQ-140095,2
CPDC141289,SEQ-140095,2
CPDC141289,SEQ-140139,2
CPDC141304,SEQ-140095,2
CPDC141304,SEQ-140139,2
CPDC141326,SEQ-140095,2
CPDC141326,SEQ-140097,2
CPDC141327,SEQ-140095,2
CPDC141327,SEQ-140097,2
CPDC141328,SEQ-140095,2
CPDC141328,SEQ-140097,2
CPDC141334,SEQ-140095,2
CPDC141334,SEQ-140097,2
CPDC141335,SEQ-140095,2
CPDC141335,SEQ-140097,2
CPDC141336,SEQ-140095,2
CPDC141336,SEQ-140097,2
CPDC141353,SEQ-140097,4
CPDC141353,SEQ-140099,4
CPDC141353,SEQ-140102,4
CPDC141353,SEQ-140112,4
CPDC141376,SEQ-140099,3
CPDC141376,SEQ-140102,3
CPDC141376,SEQ-140112,3
CPDC141377,SEQ-140099,3
CPDC141377,SEQ-140102,3
CPDC141377,SEQ-140112,3
CPDC141378,SEQ-140099,3
CPDC141378,SEQ-140102,3
CPDC141378,SEQ-140112,3
CPDC141379,SEQ-140099,3
CPDC141379,SEQ-140102,3
CPDC141379,SEQ-140112,3
CPDC141381,SEQ-140099,3
CPDC141381,SEQ-140102,3
CPDC141381,SEQ-140112,3
CPDC141382,SEQ-140099,3
CPDC141382,SEQ-140102,3
CPDC141382,SEQ-140112,3
CPDC141384,SEQ-140099,4
CPDC141384,SEQ-140102,4
CPDC141384,SEQ-140112,4
CPDC141384,SEQ-140139,4
CPDC141385,SEQ-140099,3
CPDC141385,SEQ-140102,3
CPDC141385,SEQ-140112,3
CPDC141387,SEQ-140099,3
CPDC141387,SEQ-140102,3
CPDC141387,SEQ-140112,3
CPDC141389,SEQ-140099,2
CPDC141389,SEQ-140103,2
CPDC141394,SEQ-140099,3
CPDC141394,SEQ-140102,3
CPDC141394,SEQ-140112,3
CPDC141398,SEQ-140099,5
CPDC141398,SEQ-140102,5
CPDC141398,SEQ-140112,5
CPDC141398,SEQ-140139,5
CPDC141398,SEQ-150035,5
CPDC141401,SEQ-140099,3
CPDC141401,SEQ-140102,3
CPDC141401,SEQ-140112,3
CPDC141402,SEQ-140099,4
CPDC141402,SEQ-140103,4
CPDC141402,SEQ-140102,4
CPDC141402,SEQ-140112,4
CPDC141403,SEQ-140099,3
CPDC141403,SEQ-140102,3
CPDC141403,SEQ-140112,3
CPDC141410,SEQ-140099,3
CPDC141410,SEQ-140102,3
CPDC141410,SEQ-140112,3
CPDC141414,SEQ-140103,2
CPDC141414,SEQ-140139,2
CPDC141415,SEQ-140099,3
CPDC141415,SEQ-140102,3
CPDC141415,SEQ-140112,3
CPDC141416,SEQ-140099,3
CPDC141416,SEQ-140102,3
CPDC141416,SEQ-140112,3
CPDC141417,SEQ-140099,3
CPDC141417,SEQ-140102,3
CPDC141417,SEQ-140112,3
CPDC141418,SEQ-140099,3
CPDC141418,SEQ-140102,3
CPDC141418,SEQ-140112,3
CPDC141447,SEQ-140103,2
CPDC141447,SEQ-140139,2
CPDC141449,SEQ-140103,2
CPDC141449,SEQ-140139,2
CPDC141454,SEQ-140105,2
CPDC141454,SEQ-140106,2
CPDC141456,SEQ-140105,2
CPDC141456,SEQ-140106,2
CPDC141457,SEQ-140105,2
CPDC141457,SEQ-140106,2
CPDC141458,SEQ-140105,3
CPDC141458,SEQ-140106,3
CPDC141458,SEQ-140107,3
CPDC141459,SEQ-140105,5
CPDC141459,SEQ-140106,5
CPDC141459,SEQ-140107,5
CPDC141459,SEQ-140118,5
CPDC141459,SEQ-140122,5
CPDC141460,SEQ-140105,2
CPDC141460,SEQ-140106,2
CPDC141461,SEQ-140105,2
CPDC141461,SEQ-140106,2
CPDC141462,SEQ-140105,2
CPDC141462,SEQ-140106,2
CPDC141463,SEQ-140105,2
CPDC141463,SEQ-140106,2
CPDC141470,SEQ-140105,3
CPDC141470,SEQ-140106,3
CPDC141470,SEQ-140115,3
CPDC141471,SEQ-140105,3
CPDC141471,SEQ-140106,3
CPDC141471,SEQ-140115,3
CPDC141473,SEQ-140105,4
CPDC141473,SEQ-140106,4
CPDC141473,SEQ-140118,4
CPDC141473,SEQ-140122,4
CPDC141484,SEQ-140105,3
CPDC141484,SEQ-140106,3
CPDC141484,SEQ-140107,3
CPDC141485,SEQ-140105,2
CPDC141485,SEQ-140115,2
CPDC141486,SEQ-140105,2
CPDC141486,SEQ-140106,2
CPDC141487,SEQ-140105,2
CPDC141487,SEQ-140106,2
CPDC141491,SEQ-140107,3
CPDC141491,SEQ-140118,3
CPDC141491,SEQ-140117,3
CPDC141501,SEQ-140107,2
CPDC141501,SEQ-140113,2
CPDC141530,SEQ-140113,2
CPDC141530,SEQ-140116,2
CPDC141531,SEQ-140113,2
CPDC141531,SEQ-140116,2
CPDC141549,SEQ-140113,5
CPDC141549,SEQ-140116,5
CPDC141549,SEQ-140118,5
CPDC141549,SEQ-140122,5
CPDC141549,SEQ-140136,5
CPDC141588,SEQ-140116,2
CPDC141588,SEQ-140117,2
CPDC141601,SEQ-140118,2
CPDC141601,SEQ-140117,2
CPDC141606,SEQ-140118,2
CPDC141606,SEQ-140117,2
CPDC141607,SEQ-140118,2
CPDC141607,SEQ-140117,2
CPDC141608,SEQ-140118,2
CPDC141608,SEQ-140117,2
CPDC141609,SEQ-140118,2
CPDC141609,SEQ-140117,2
CPDC141610,SEQ-140118,2
CPDC141610,SEQ-140117,2
CPDC141611,SEQ-140118,2
CPDC141611,SEQ-140117,2
CPDC141612,SEQ-140118,2
CPDC141612,SEQ-140117,2
CPDC141613,SEQ-140118,2
CPDC141613,SEQ-140117,2
CPDC141614,SEQ-140118,2
CPDC141614,SEQ-140117,2
CPDC141615,SEQ-140118,2
CPDC141615,SEQ-140117,2
CPDC141616,SEQ-140117,2
CPDC141616,SEQ-140122,2
CPDC141618,SEQ-140118,2
CPDC141618,SEQ-140117,2
CPDC141627,SEQ-140117,2
CPDC141627,SEQ-140120,2
CPDC141634,SEQ-140118,2
CPDC141634,SEQ-140117,2
CPDC141635,SEQ-140118,2
CPDC141635,SEQ-140117,2
CPDC141636,SEQ-140118,2
CPDC141636,SEQ-140117,2
CPDC141658,SEQ-140120,2
CPDC141658,SEQ-140122,2
CPDC141675,SEQ-140120,2
CPDC141675,SEQ-140127,2
CPDC141691,SEQ-140124,2
CPDC141691,SEQ-140127,2
CPDC141700,SEQ-140123,2
CPDC141700,SEQ-140128,2
CPDC141706,SEQ-140124,4
CPDC141706,SEQ-140125,4
CPDC141706,SEQ-140126,4
CPDC141706,SEQ-140127,4
CPDC141722,SEQ-140124,4
CPDC141722,SEQ-140125,4
CPDC141722,SEQ-140126,4
CPDC141722,SEQ-140127,4
CPDC141726,SEQ-140124,2
CPDC141726,SEQ-140128,2
CPDC141730,SEQ-140124,2
CPDC141730,SEQ-140128,2
CPDC141740,SEQ-140127,2
CPDC141740,SEQ-140130,2
CPDC141758,SEQ-140127,2
CPDC141758,SEQ-140129,2
CPDC141763,SEQ-140127,2
CPDC141763,SEQ-140131,2
CPDC141789,SEQ-140129,2
CPDC141789,SEQ-140130,2
CPDC141791,SEQ-140129,2
CPDC141791,SEQ-140130,2
CPDC141796,SEQ-140129,2
CPDC141796,SEQ-140130,2
CPDC141798,SEQ-140129,2
CPDC141798,SEQ-140130,2
CPDC141799,SEQ-140129,2
CPDC141799,SEQ-140130,2
CPDC141800,SEQ-140129,2
CPDC141800,SEQ-140130,2
CPDC141804,SEQ-140129,2
CPDC141804,SEQ-140130,2
CPDC141811,SEQ-140131,2
CPDC141811,SEQ-140139,2
CPDC141812,SEQ-140130,2
CPDC141812,SEQ-140132,2
CPDC141813,SEQ-140130,3
CPDC141813,SEQ-140131,3
CPDC141813,SEQ-140139,3
CPDC141866,SEQ-140131,2
CPDC141866,SEQ-140139,2
CPDC141877,SEQ-140131,2
CPDC141877,SEQ-140139,2
CPDC141896,SEQ-140132,2
CPDC141896,SEQ-140133,2
CPDC141906,SEQ-140132,2
CPDC141906,SEQ-140135,2
CPDC141921,SEQ-140133,3
CPDC141921,SEQ-140135,3
CPDC141921,SEQ-140137,3
CPDC141934,SEQ-140133,2
CPDC141934,SEQ-140137,2
CPDC141935,SEQ-140133,2
CPDC141935,SEQ-140135,2
CPDC141941,SEQ-140135,2
CPDC141941,SEQ-140136,2
CPDC141942,SEQ-140135,2
CPDC141942,SEQ-140136,2
CPDC141946,SEQ-140135,2
CPDC141946,SEQ-140138,2
CPDC141971,SEQ-140135,2
CPDC141971,SEQ-140136,2
CPDC141973,SEQ-140135,2
CPDC141973,SEQ-140138,2
CPDC141988,SEQ-140136,2
CPDC141988,SEQ-140139,2
CPDC141991,SEQ-140136,2
CPDC141991,SEQ-140139,2
CPDC141996,SEQ-140136,2
CPDC141996,SEQ-140139,2
CPDC142002,SEQ-140136,2
CPDC142002,SEQ-140139,2
CPDC142003,SEQ-140136,2
CPDC142003,SEQ-140137,2
CPDC142004,SEQ-140136,3
CPDC142004,SEQ-140144,3
CPDC142004,SEQ-140139,3
CPDC142005,SEQ-140136,3
CPDC142005,SEQ-140144,3
CPDC142005,SEQ-140139,3
CPDC142030,SEQ-140137,3
CPDC142030,SEQ-140142,3
CPDC142030,SEQ-140140,3
CPDC142031,SEQ-140137,3
CPDC142031,SEQ-140142,3
CPDC142031,SEQ-140140,3
CPDC142032,SEQ-140137,3
CPDC142032,SEQ-140142,3
CPDC142032,SEQ-140140,3
CPDC142041,SEQ-140142,2
CPDC142041,SEQ-140140,2
CPDC142049,SEQ-140137,3
CPDC142049,SEQ-140142,3
CPDC142049,SEQ-140140,3
CPDC142052,SEQ-140137,3
CPDC142052,SEQ-140142,3
CPDC142052,SEQ-140140,3
CPDC142055,SEQ-140137,2
CPDC142055,SEQ-140138,2
CPDC142056,SEQ-140142,2
CPDC142056,SEQ-140140,2
CPDC142057,SEQ-140143,2
CPDC142057,SEQ-140140,2
CPDC142058,SEQ-140142,2
CPDC142058,SEQ-140140,2
CPDC142059,SEQ-140142,2
CPDC142059,SEQ-140140,2
CPDC142060,SEQ-140142,2
CPDC142060,SEQ-140140,2
CPDC142061,SEQ-140143,2
CPDC142061,SEQ-140140,2
CPDC142062,SEQ-140143,2
CPDC142062,SEQ-140140,2
CPDC142063,SEQ-140143,2
CPDC142063,SEQ-140140,2
CPDC142064,SEQ-140143,2
CPDC142064,SEQ-140140,2
CPDC142065,SEQ-140142,2
CPDC142065,SEQ-140140,2
CPDC142066,SEQ-140142,2
CPDC142066,SEQ-140140,2
CPDC142067,SEQ-140143,2
CPDC142067,SEQ-140140,2
CPDC142068,SEQ-140143,2
CPDC142068,SEQ-140140,2
CPDC142069,SEQ-140142,2
CPDC142069,SEQ-140140,2
CPDC142071,SEQ-140142,2
CPDC142071,SEQ-140140,2
CPDC142075,SEQ-140142,2
CPDC142075,SEQ-140140,2
CPDC142077,SEQ-140142,2
CPDC142077,SEQ-140140,2
CPDC142078,SEQ-140142,2
CPDC142078,SEQ-140140,2
CPDC142079,SEQ-140142,2
CPDC142079,SEQ-140140,2
CPDC142080,SEQ-140142,2
CPDC142080,SEQ-140140,2
CPDC142081,SEQ-140142,2
CPDC142081,SEQ-140140,2
CPDC142082,SEQ-140142,2
CPDC142082,SEQ-140140,2
CPDC142083,SEQ-140142,3
CPDC142083,SEQ-140143,3
CPDC142083,SEQ-140140,3
CPDC142084,SEQ-140142,2
CPDC142084,SEQ-140140,2
CPDC142085,SEQ-140142,2
CPDC142085,SEQ-140140,2
CPDC142086,SEQ-140142,2
CPDC142086,SEQ-140140,2
CPDC142087,SEQ-140142,2
CPDC142087,SEQ-140140,2
CPDC142089,SEQ-140143,2
CPDC142089,SEQ-140140,2
CPDC142090,SEQ-140142,2
CPDC142090,SEQ-140140,2
CPDC142092,SEQ-140142,2
CPDC142092,SEQ-140140,2
CPDC142093,SEQ-140142,2
CPDC142093,SEQ-140140,2
CPDC142095,SEQ-140144,2
CPDC142095,SEQ-150001,2
CPDC142098,SEQ-140143,3
CPDC142098,SEQ-150001,3
CPDC142098,SEQ-150003,3
CPDC142114,SEQ-140144,2
CPDC142114,SEQ-150002,2
CPDC142129,SEQ-140143,4
CPDC142129,SEQ-140144,4
CPDC142129,SEQ-150001,4
CPDC142129,SEQ-150003,4
CPDC142150,SEQ-150001,2
CPDC142150,SEQ-150003,2
CPDC142153,SEQ-150001,3
CPDC142153,SEQ-150003,3
CPDC142153,SEQ-150004,3
CPDC142161,SEQ-150001,2
CPDC142161,SEQ-150003,2
CPDC150022,SEQ-150003,2
CPDC150022,SEQ-150004,2
CPDC150029,SEQ-150002,2
CPDC150029,SEQ-150009,2
CPDC150036,SEQ-150002,4
CPDC150036,SEQ-150006,4
CPDC150036,SEQ-150007,4
CPDC150036,SEQ-150012,4
CPDC150044,SEQ-150003,2
CPDC150044,SEQ-150004,2
CPDC150049,SEQ-150004,2
CPDC150049,SEQ-150009,2
CPDC150070,SEQ-150006,3
CPDC150070,SEQ-150007,3
CPDC150070,SEQ-150012,3
CPDC150072,SEQ-150006,3
CPDC150072,SEQ-150007,3
CPDC150072,SEQ-150012,3
CPDC150075,SEQ-150006,3
CPDC150075,SEQ-150007,3
CPDC150075,SEQ-150012,3
CPDC150076,SEQ-150006,3
CPDC150076,SEQ-150007,3
CPDC150076,SEQ-150012,3
CPDC150077,SEQ-150006,3
CPDC150077,SEQ-150007,3
CPDC150077,SEQ-150012,3
CPDC150078,SEQ-150006,3
CPDC150078,SEQ-150007,3
CPDC150078,SEQ-150012,3
CPDC150079,SEQ-150006,3
CPDC150079,SEQ-150007,3
CPDC150079,SEQ-150012,3
CPDC150080,SEQ-150006,3
CPDC150080,SEQ-150007,3
CPDC150080,SEQ-150012,3
CPDC150082,SEQ-150006,3
CPDC150082,SEQ-150007,3
CPDC150082,SEQ-150012,3
CPDC150083,SEQ-150006,3
CPDC150083,SEQ-150007,3
CPDC150083,SEQ-150012,3
CPDC150084,SEQ-150006,3
CPDC150084,SEQ-150007,3
CPDC150084,SEQ-150012,3
CPDC150085,SEQ-150006,3
CPDC150085,SEQ-150007,3
CPDC150085,SEQ-150012,3
CPDC150086,SEQ-150006,3
CPDC150086,SEQ-150007,3
CPDC150086,SEQ-150012,3
CPDC150087,SEQ-150006,3
CPDC150087,SEQ-150007,3
CPDC150087,SEQ-150012,3
CPDC150088,SEQ-150006,3
CPDC150088,SEQ-150007,3
CPDC150088,SEQ-150012,3
CPDC150089,SEQ-150006,3
CPDC150089,SEQ-150007,3
CPDC150089,SEQ-150012,3
CPDC150090,SEQ-150006,4
CPDC150090,SEQ-150009,4
CPDC150090,SEQ-150007,4
CPDC150090,SEQ-150012,4
CPDC150091,SEQ-150006,3
CPDC150091,SEQ-150007,3
CPDC150091,SEQ-150012,3
CPDC150092,SEQ-150006,3
CPDC150092,SEQ-150007,3
CPDC150092,SEQ-150012,3
CPDC150093,SEQ-150006,3
CPDC150093,SEQ-150007,3
CPDC150093,SEQ-150012,3
CPDC150094,SEQ-150006,3
CPDC150094,SEQ-150007,3
CPDC150094,SEQ-150012,3
CPDC150097,SEQ-150006,3
CPDC150097,SEQ-150007,3
CPDC150097,SEQ-150012,3
CPDC150098,SEQ-150006,3
CPDC150098,SEQ-150007,3
CPDC150098,SEQ-150012,3
CPDC150099,SEQ-150006,3
CPDC150099,SEQ-150007,3
CPDC150099,SEQ-150012,3
CPDC150101,SEQ-150006,3
CPDC150101,SEQ-150007,3
CPDC150101,SEQ-150012,3
CPDC150103,SEQ-150006,3
CPDC150103,SEQ-150007,3
CPDC150103,SEQ-150012,3
CPDC150110,SEQ-150009,2
CPDC150110,SEQ-150011,2
CPDC150119,SEQ-150009,2
CPDC150119,SEQ-150011,2
CPDC150155,SEQ-150011,3
CPDC150155,SEQ-150014,3
CPDC150155,SEQ-150013,3
CPDC150167,SEQ-150011,3
CPDC150167,SEQ-150014,3
CPDC150167,SEQ-150013,3
CPDC150185,SEQ-150014,2
CPDC150185,SEQ-150017,2
CPDC150254,SEQ-150015,2
CPDC150254,SEQ-150019,2
CPDC150305,SEQ-150017,2
CPDC150305,SEQ-150022,2
CPDC150360,SEQ-150019,2
CPDC150360,SEQ-150091,2
CPDC150381,SEQ-150019,2
CPDC150381,SEQ-150024,2
CPDC150423,SEQ-150022,2
CPDC150423,SEQ-150028,2
CPDC150447,SEQ-150024,2
CPDC150447,SEQ-150027,2
CPDC150449,SEQ-150024,2
CPDC150449,SEQ-150028,2
CPDC150501,SEQ-150026,2
CPDC150501,SEQ-150028,2
CPDC150524,SEQ-150027,3
CPDC150524,SEQ-150028,3
CPDC150524,SEQ-150029,3
CPDC150553,SEQ-150029,2
CPDC150553,SEQ-150032,2
CPDC150574,SEQ-150028,2
CPDC150574,SEQ-150029,2
CPDC150579,SEQ-150029,2
CPDC150579,SEQ-150032,2
CPDC150585,SEQ-150029,2
CPDC150585,SEQ-150032,2
CPDC150587,SEQ-150029,2
CPDC150587,SEQ-150032,2
CPDC150592,SEQ-150029,2
CPDC150592,SEQ-150032,2
CPDC150609,SEQ-150029,2
CPDC150609,SEQ-150032,2
CPDC150646,SEQ-150030,2
CPDC150646,SEQ-150032,2
CPDC150659,SEQ-150032,2
CPDC150659,SEQ-150034,2
CPDC150672,SEQ-150032,2
CPDC150672,SEQ-150035,2
CPDC150689,SEQ-150032,2
CPDC150689,SEQ-150035,2
CPDC150690,SEQ-150032,2
CPDC150690,SEQ-150035,2
CPDC150746,SEQ-150035,2
CPDC150746,SEQ-150037,2
CPDC150750,SEQ-150035,3
CPDC150750,SEQ-150040,3
CPDC150750,SEQ-150041,3
CPDC150776,SEQ-150037,2
CPDC150776,SEQ-150070,2
CPDC150779,SEQ-150037,3
CPDC150779,SEQ-150040,3
CPDC150779,SEQ-150041,3
CPDC150787,SEQ-150040,2
CPDC150787,SEQ-150041,2
CPDC150788,SEQ-150040,2
CPDC150788,SEQ-150041,2
CPDC150789,SEQ-150040,2
CPDC150789,SEQ-150041,2
CPDC150790,SEQ-150040,2
CPDC150790,SEQ-150041,2
CPDC150791,SEQ-150040,2
CPDC150791,SEQ-150041,2
CPDC150792,SEQ-150040,2
CPDC150792,SEQ-150041,2
CPDC150793,SEQ-150040,2
CPDC150793,SEQ-150041,2
CPDC150810,SEQ-150040,2
CPDC150810,SEQ-150041,2
CPDC150812,SEQ-150038,2
CPDC150812,SEQ-150070,2
CPDC150813,SEQ-150040,2
CPDC150813,SEQ-150041,2
CPDC150814,SEQ-150038,3
CPDC150814,SEQ-150070,3
CPDC150814,SEQ-150091,3
CPDC150816,SEQ-150040,2
CPDC150816,SEQ-150041,2
CPDC150817,SEQ-150040,2
CPDC150817,SEQ-150041,2
CPDC150818,SEQ-150040,2
CPDC150818,SEQ-150041,2
CPDC150819,SEQ-150040,2
CPDC150819,SEQ-150041,2
CPDC150820,SEQ-150038,3
CPDC150820,SEQ-150070,3
CPDC150820,SEQ-150130,3
CPDC150821,SEQ-150040,2
CPDC150821,SEQ-150041,2
CPDC150823,SEQ-150040,2
CPDC150823,SEQ-150041,2
CPDC150824,SEQ-150040,2
CPDC150824,SEQ-150041,2
CPDC150825,SEQ-150040,2
CPDC150825,SEQ-150041,2
CPDC150826,SEQ-150040,2
CPDC150826,SEQ-150041,2
CPDC150827,SEQ-150040,2
CPDC150827,SEQ-150041,2
CPDC150828,SEQ-150040,2
CPDC150828,SEQ-150041,2
CPDC150829,SEQ-150040,2
CPDC150829,SEQ-150041,2
CPDC150830,SEQ-150040,2
CPDC150830,SEQ-150041,2
CPDC150831,SEQ-150040,2
CPDC150831,SEQ-150041,2
CPDC150834,SEQ-150040,2
CPDC150834,SEQ-150041,2
CPDC150836,SEQ-150040,2
CPDC150836,SEQ-150041,2
CPDC150837,SEQ-150040,2
CPDC150837,SEQ-150041,2
CPDC150840,SEQ-150040,3
CPDC150840,SEQ-150041,3
CPDC150840,SEQ-150046,3
CPDC150852,SEQ-150043,2
CPDC150852,SEQ-150070,2
CPDC150853,SEQ-150043,2
CPDC150853,SEQ-150070,2
CPDC150861,SEQ-150042,3
CPDC150861,SEQ-150045,3
CPDC150861,SEQ-150048,3
CPDC150865,SEQ-150043,2
CPDC150865,SEQ-150070,2
CPDC150867,SEQ-150041,3
CPDC150867,SEQ-150042,3
CPDC150867,SEQ-150046,3
CPDC150868,SEQ-150042,2
CPDC150868,SEQ-150049,2
CPDC150882,SEQ-150043,3
CPDC150882,SEQ-150049,3
CPDC150882,SEQ-150092,3
CPDC150890,SEQ-150045,2
CPDC150890,SEQ-150048,2
CPDC150893,SEQ-150045,5
CPDC150893,SEQ-150048,5
CPDC150893,SEQ-150050,5
CPDC150893,SEQ-150054,5
CPDC150893,SEQ-150063,5
CPDC150896,SEQ-150045,2
CPDC150896,SEQ-150048,2
CPDC150919,SEQ-150046,2
CPDC150919,SEQ-150049,2
CPDC150922,SEQ-150045,2
CPDC150922,SEQ-150050,2
CPDC150928,SEQ-150046,2
CPDC150928,SEQ-150049,2
CPDC150936,SEQ-150048,2
CPDC150936,SEQ-150056,2
CPDC150938,SEQ-150048,2
CPDC150938,SEQ-150056,2
CPDC150945,SEQ-150048,2
CPDC150945,SEQ-150056,2
CPDC150946,SEQ-150048,2
CPDC150946,SEQ-150056,2
CPDC150948,SEQ-150048,2
CPDC150948,SEQ-150056,2
CPDC150950,SEQ-150048,2
CPDC150950,SEQ-150056,2
CPDC150951,SEQ-150048,2
CPDC150951,SEQ-150056,2
CPDC150975,SEQ-150048,2
CPDC150975,SEQ-150056,2
CPDC150976,SEQ-150047,2
CPDC150976,SEQ-150049,2
CPDC150977,SEQ-150047,2
CPDC150977,SEQ-150049,2
CPDC150980,SEQ-150047,3
CPDC150980,SEQ-150050,3
CPDC150980,SEQ-150053,3
CPDC151007,SEQ-150051,2
CPDC151007,SEQ-150053,2
CPDC151019,SEQ-150049,2
CPDC151019,SEQ-150050,2
CPDC151022,SEQ-150049,2
CPDC151022,SEQ-150053,2
CPDC151024,SEQ-150050,2
CPDC151024,SEQ-150055,2
CPDC151065,SEQ-150051,2
CPDC151065,SEQ-150050,2
CPDC151076,SEQ-150051,2
CPDC151076,SEQ-150053,2
CPDC151082,SEQ-150052,2
CPDC151082,SEQ-150057,2
CPDC151091,SEQ-150053,3
CPDC151091,SEQ-150057,3
CPDC151091,SEQ-150061,3
CPDC151095,SEQ-150052,3
CPDC151095,SEQ-150057,3
CPDC151095,SEQ-150061,3
CPDC151097,SEQ-150053,2
CPDC151097,SEQ-150063,2
CPDC151098,SEQ-150054,2
CPDC151098,SEQ-150063,2
CPDC151101,SEQ-150054,2
CPDC151101,SEQ-150063,2
CPDC151102,SEQ-150054,2
CPDC151102,SEQ-150063,2
CPDC151103,SEQ-150054,2
CPDC151103,SEQ-150063,2
CPDC151106,SEQ-150054,3
CPDC151106,SEQ-150055,3
CPDC151106,SEQ-150063,3
CPDC151108,SEQ-150054,2
CPDC151108,SEQ-150063,2
CPDC151109,SEQ-150054,2
CPDC151109,SEQ-150063,2
CPDC151110,SEQ-150054,2
CPDC151110,SEQ-150063,2
CPDC151111,SEQ-150054,2
CPDC151111,SEQ-150063,2
CPDC151112,SEQ-150054,2
CPDC151112,SEQ-150063,2
CPDC151113,SEQ-150054,2
CPDC151113,SEQ-150063,2
CPDC151114,SEQ-150054,2
CPDC151114,SEQ-150063,2
CPDC151116,SEQ-150054,2
CPDC151116,SEQ-150063,2
CPDC151117,SEQ-150054,2
CPDC151117,SEQ-150063,2
CPDC151119,SEQ-150054,2
CPDC151119,SEQ-150063,2
CPDC151124,SEQ-150054,2
CPDC151124,SEQ-150063,2
CPDC151125,SEQ-150054,2
CPDC151125,SEQ-150063,2
CPDC151128,SEQ-150057,3
CPDC151128,SEQ-150059,3
CPDC151128,SEQ-150061,3
CPDC151130,SEQ-150054,2
CPDC151130,SEQ-150063,2
CPDC151131,SEQ-150054,2
CPDC151131,SEQ-150063,2
CPDC151133,SEQ-150057,2
CPDC151133,SEQ-150061,2
CPDC151134,SEQ-150057,2
CPDC151134,SEQ-150061,2
CPDC151135,SEQ-150057,2
CPDC151135,SEQ-150061,2
CPDC151136,SEQ-150057,2
CPDC151136,SEQ-150061,2
CPDC151144,SEQ-150057,2
CPDC151144,SEQ-150061,2
CPDC151145,SEQ-150057,3
CPDC151145,SEQ-150059,3
CPDC151145,SEQ-150061,3
CPDC151148,SEQ-150057,2
CPDC151148,SEQ-150061,2
CPDC151149,SEQ-150057,2
CPDC151149,SEQ-150061,2
CPDC151150,SEQ-150059,2
CPDC151150,SEQ-150064,2
CPDC151151,SEQ-150059,4
CPDC151151,SEQ-150062,4
CPDC151151,SEQ-150070,4
CPDC151151,SEQ-150130,4
CPDC151152,SEQ-150059,5
CPDC151152,SEQ-150062,5
CPDC151152,SEQ-150067,5
CPDC151152,SEQ-150070,5
CPDC151152,SEQ-150130,5
CPDC151153,SEQ-150059,2
CPDC151153,SEQ-150062,2
CPDC151155,SEQ-150062,2
CPDC151155,SEQ-150067,2
CPDC151160,SEQ-150059,3
CPDC151160,SEQ-150064,3
CPDC151160,SEQ-150067,3
CPDC151161,SEQ-150059,3
CPDC151161,SEQ-150064,3
CPDC151161,SEQ-150067,3
CPDC151180,SEQ-150059,3
CPDC151180,SEQ-150064,3
CPDC151180,SEQ-150067,3
CPDC151181,SEQ-150059,4
CPDC151181,SEQ-150062,4
CPDC151181,SEQ-150071,4
CPDC151181,SEQ-150130,4
CPDC151187,SEQ-150062,3
CPDC151187,SEQ-150067,3
CPDC151187,SEQ-150071,3
CPDC151188,SEQ-150062,3
CPDC151188,SEQ-150067,3
CPDC151188,SEQ-150071,3
CPDC151189,SEQ-150059,3
CPDC151189,SEQ-150064,3
CPDC151189,SEQ-150065,3
CPDC151190,SEQ-150064,2
CPDC151190,SEQ-150066,2
CPDC151191,SEQ-150064,2
CPDC151191,SEQ-150066,2
CPDC151193,SEQ-150064,2
CPDC151193,SEQ-150066,2
CPDC151194,SEQ-150064,2
CPDC151194,SEQ-150066,2
CPDC151195,SEQ-150066,2
CPDC151195,SEQ-150065,2
CPDC151196,SEQ-150066,2
CPDC151196,SEQ-150065,2
CPDC151197,SEQ-150066,2
CPDC151197,SEQ-150065,2
CPDC151199,SEQ-150064,66
CPDC151199,SEQ-150065,66
CPDC151199,SEQ-150092,66
CPDC151199,SEQ-150111,66
CPDC151199,SEQ-150112,66
CPDC151199,SEQ-150120,66
CPDC151199,SEQ-150126,66
CPDC151199,SEQ-150128,66
CPDC151199,SEQ-150134,66
CPDC151199,SEQ-150138,66
CPDC151199,SEQ-150139,66
CPDC151199,SEQ-150143,66
CPDC151199,SEQ-150150,66
CPDC151199,SEQ-150154,66
CPDC151199,SEQ-150157,66
CPDC151199,SEQ-150164,66
CPDC151199,SEQ-150167,66
CPDC151199,SEQ-150169,66
CPDC151199,SEQ-150173,66
CPDC151199,SEQ-150176,66
CPDC151199,SEQ-150179,66
CPDC151199,SEQ-150183,66
CPDC151199,SEQ-150187,66
CPDC151199,SEQ-150192,66
CPDC151199,SEQ-150193,66
CPDC151199,SEQ-160003,66
CPDC151199,SEQ-160006,66
CPDC151199,SEQ-160010,66
CPDC151199,SEQ-160012,66
CPDC151199,SEQ-160017,66
CPDC151199,SEQ-160014,66
CPDC151199,SEQ-160019,66
CPDC151199,SEQ-160020,66
CPDC151199,SEQ-160023,66
CPDC151199,SEQ-160033,66
CPDC151199,SEQ-160035,66
CPDC151199,SEQ-160039,66
CPDC151199,SEQ-160040,66
CPDC151199,SEQ-160041,66
CPDC151199,SEQ-160045,66
CPDC151199,SEQ-160049,66
CPDC151199,SEQ-160054,66
CPDC151199,SEQ-160058,66
CPDC151199,SEQ-160063,66
CPDC151199,SEQ-160066,66
CPDC151199,SEQ-160071,66
CPDC151199,SEQ-160077,66
CPDC151199,SEQ-160084,66
CPDC151199,SEQ-160090,66
CPDC151199,SEQ-160092,66
CPDC151199,SEQ-160099,66
CPDC151199,SEQ-160106,66
CPDC151199,SEQ-160107,66
CPDC151199,SEQ-160119,66
CPDC151199,SEQ-160126,66
CPDC151199,SEQ-160123,66
CPDC151199,SEQ-160134,66
CPDC151199,SEQ-160142,66
CPDC151199,SEQ-160149,66
CPDC151199,SEQ-160158,66
CPDC151199,SEQ-160162,66
CPDC151199,SEQ-160170,66
CPDC151199,SEQ-160174,66
CPDC151199,SEQ-160178,66
CPDC151199,SEQ-160184,66
CPDC151199,SEQ-160195,66
CPDC151200,SEQ-150064,3
CPDC151200,SEQ-150069,3
CPDC151200,SEQ-150122,3
CPDC151201,SEQ-150064,2
CPDC151201,SEQ-150065,2
CPDC151203,SEQ-150068,3
CPDC151203,SEQ-150065,3
CPDC151203,SEQ-150077,3
CPDC151204,SEQ-150065,3
CPDC151204,SEQ-150067,3
CPDC151204,SEQ-150071,3
CPDC151208,SEQ-150065,2
CPDC151208,SEQ-150067,2
CPDC151209,SEQ-150065,3
CPDC151209,SEQ-150070,3
CPDC151209,SEQ-150130,3
CPDC151211,SEQ-150065,3
CPDC151211,SEQ-150070,3
CPDC151211,SEQ-150130,3
CPDC151217,SEQ-150065,2
CPDC151217,SEQ-150069,2
CPDC151222,SEQ-150065,2
CPDC151222,SEQ-150070,2
CPDC151223,SEQ-150065,2
CPDC151223,SEQ-150071,2
CPDC151229,SEQ-150067,3
CPDC151229,SEQ-150070,3
CPDC151229,SEQ-150071,3
CPDC151230,SEQ-150070,2
CPDC151230,SEQ-150071,2
CPDC151232,SEQ-150070,2
CPDC151232,SEQ-150071,2
CPDC151236,SEQ-150068,4
CPDC151236,SEQ-150071,4
CPDC151236,SEQ-150077,4
CPDC151236,SEQ-150093,4
CPDC151244,SEQ-150070,2
CPDC151244,SEQ-150130,2
CPDC151248,SEQ-150068,3
CPDC151248,SEQ-150070,3
CPDC151248,SEQ-150130,3
CPDC151251,SEQ-150069,3
CPDC151251,SEQ-150070,3
CPDC151251,SEQ-150071,3
CPDC151254,SEQ-150070,2
CPDC151254,SEQ-150071,2
CPDC151262,SEQ-150070,2
CPDC151262,SEQ-150073,2
CPDC151263,SEQ-150069,2
CPDC151263,SEQ-150073,2
CPDC151273,SEQ-150069,2
CPDC151273,SEQ-150071,2
CPDC151285,SEQ-150070,2
CPDC151285,SEQ-150071,2
CPDC151297,SEQ-150071,2
CPDC151297,SEQ-150074,2
CPDC151298,SEQ-150071,2
CPDC151298,SEQ-150074,2
CPDC151305,SEQ-150073,2
CPDC151305,SEQ-150080,2
CPDC151336,SEQ-150073,3
CPDC151336,SEQ-150076,3
CPDC151336,SEQ-150075,3
CPDC151338,SEQ-150073,2
CPDC151338,SEQ-150076,2
CPDC151342,SEQ-150073,2
CPDC151342,SEQ-150077,2
CPDC151346,SEQ-150073,2
CPDC151346,SEQ-150076,2
CPDC151355,SEQ-150073,2
CPDC151355,SEQ-150076,2
CPDC151356,SEQ-150072,3
CPDC151356,SEQ-150077,3
CPDC151356,SEQ-150079,3
CPDC151360,SEQ-150074,2
CPDC151360,SEQ-150083,2
CPDC151389,SEQ-150074,2
CPDC151389,SEQ-150077,2
CPDC151390,SEQ-150074,2
CPDC151390,SEQ-150082,2
CPDC151391,SEQ-150075,2
CPDC151391,SEQ-150079,2
CPDC151398,SEQ-150075,2
CPDC151398,SEQ-150086,2
CPDC151399,SEQ-150077,2
CPDC151399,SEQ-150085,2
CPDC151401,SEQ-150077,2
CPDC151401,SEQ-150079,2
CPDC151404,SEQ-150077,2
CPDC151404,SEQ-150085,2
CPDC151406,SEQ-150077,2
CPDC151406,SEQ-150079,2
CPDC151407,SEQ-150077,2
CPDC151407,SEQ-150079,2
CPDC151410,SEQ-150077,2
CPDC151410,SEQ-150083,2
CPDC151421,SEQ-150077,2
CPDC151421,SEQ-150079,2
CPDC151422,SEQ-150077,2
CPDC151422,SEQ-150082,2
CPDC151432,SEQ-150079,2
CPDC151432,SEQ-150082,2
CPDC151449,SEQ-150079,2
CPDC151449,SEQ-150082,2
CPDC151459,SEQ-150082,3
CPDC151459,SEQ-150086,3
CPDC151459,SEQ-150087,3
CPDC151462,SEQ-150082,2
CPDC151462,SEQ-150088,2
CPDC151465,SEQ-150082,3
CPDC151465,SEQ-150086,3
CPDC151465,SEQ-150087,3
CPDC151466,SEQ-150083,3
CPDC151466,SEQ-150086,3
CPDC151466,SEQ-150087,3
CPDC151469,SEQ-150084,2
CPDC151469,SEQ-150089,2
CPDC151473,SEQ-150083,2
CPDC151473,SEQ-150093,2
CPDC151478,SEQ-150083,2
CPDC151478,SEQ-150086,2
CPDC151484,SEQ-150083,2
CPDC151484,SEQ-150088,2
CPDC151505,SEQ-150085,2
CPDC151505,SEQ-150087,2
CPDC151506,SEQ-150085,2
CPDC151506,SEQ-150087,2
CPDC151513,SEQ-150085,2
CPDC151513,SEQ-150087,2
CPDC151515,SEQ-150086,2
CPDC151515,SEQ-150085,2
CPDC151526,SEQ-150089,2
CPDC151526,SEQ-150091,2
CPDC151542,SEQ-150090,2
CPDC151542,SEQ-150096,2
CPDC151545,SEQ-150087,2
CPDC151545,SEQ-150089,2
CPDC151547,SEQ-150087,2
CPDC151547,SEQ-150089,2
CPDC151548,SEQ-150087,2
CPDC151548,SEQ-150089,2
CPDC151566,SEQ-150088,2
CPDC151566,SEQ-150091,2
CPDC151567,SEQ-150088,2
CPDC151567,SEQ-150091,2
CPDC151575,SEQ-150090,2
CPDC151575,SEQ-150096,2
CPDC151581,SEQ-150090,2
CPDC151581,SEQ-150095,2
CPDC151582,SEQ-150090,2
CPDC151582,SEQ-150095,2
CPDC151590,SEQ-150090,2
CPDC151590,SEQ-150092,2
CPDC151595,SEQ-150092,2
CPDC151595,SEQ-150097,2
CPDC151597,SEQ-150095,4
CPDC151597,SEQ-150099,4
CPDC151597,SEQ-150103,4
CPDC151597,SEQ-150100,4
CPDC151604,SEQ-150092,2
CPDC151604,SEQ-150097,2
CPDC151615,SEQ-150092,3
CPDC151615,SEQ-150095,3
CPDC151615,SEQ-150097,3
CPDC151626,SEQ-150095,4
CPDC151626,SEQ-150099,4
CPDC151626,SEQ-150103,4
CPDC151626,SEQ-150100,4
CPDC151631,SEQ-150094,2
CPDC151631,SEQ-150097,2
CPDC151632,SEQ-150094,2
CPDC151632,SEQ-150097,2
CPDC151633,SEQ-150094,2
CPDC151633,SEQ-150101,2
CPDC151635,SEQ-150095,4
CPDC151635,SEQ-150099,4
CPDC151635,SEQ-150103,4
CPDC151635,SEQ-150100,4
CPDC151638,SEQ-150095,4
CPDC151638,SEQ-150099,4
CPDC151638,SEQ-150103,4
CPDC151638,SEQ-150100,4
CPDC151639,SEQ-150094,2
CPDC151639,SEQ-150106,2
CPDC151640,SEQ-150094,2
CPDC151640,SEQ-150101,2
CPDC151642,SEQ-150095,2
CPDC151642,SEQ-150097,2
CPDC151644,SEQ-150095,2
CPDC151644,SEQ-150097,2
CPDC151645,SEQ-150095,2
CPDC151645,SEQ-150097,2
CPDC151648,SEQ-150095,2
CPDC151648,SEQ-150097,2
CPDC151650,SEQ-150096,2
CPDC151650,SEQ-150104,2
CPDC151653,SEQ-150096,2
CPDC151653,SEQ-150104,2
CPDC151655,SEQ-150096,4
CPDC151655,SEQ-150102,4
CPDC151655,SEQ-150105,4
CPDC151655,SEQ-150106,4
CPDC151661,SEQ-150097,2
CPDC151661,SEQ-150102,2
CPDC151662,SEQ-150097,2
CPDC151662,SEQ-150102,2
CPDC151664,SEQ-150099,4
CPDC151664,SEQ-150103,4
CPDC151664,SEQ-150104,4
CPDC151664,SEQ-150100,4
CPDC151665,SEQ-150099,3
CPDC151665,SEQ-150103,3
CPDC151665,SEQ-150100,3
CPDC151666,SEQ-150099,3
CPDC151666,SEQ-150103,3
CPDC151666,SEQ-150100,3
CPDC151667,SEQ-150099,3
CPDC151667,SEQ-150103,3
CPDC151667,SEQ-150100,3
CPDC151668,SEQ-150099,3
CPDC151668,SEQ-150103,3
CPDC151668,SEQ-150100,3
CPDC151669,SEQ-150099,3
CPDC151669,SEQ-150103,3
CPDC151669,SEQ-150100,3
CPDC151670,SEQ-150099,3
CPDC151670,SEQ-150103,3
CPDC151670,SEQ-150100,3
CPDC151673,SEQ-150099,3
CPDC151673,SEQ-150103,3
CPDC151673,SEQ-150100,3
CPDC151674,SEQ-150099,4
CPDC151674,SEQ-150103,4
CPDC151674,SEQ-150104,4
CPDC151674,SEQ-150100,4
CPDC151675,SEQ-150099,3
CPDC151675,SEQ-150103,3
CPDC151675,SEQ-150100,3
CPDC151676,SEQ-150099,3
CPDC151676,SEQ-150103,3
CPDC151676,SEQ-150100,3
CPDC151677,SEQ-150099,3
CPDC151677,SEQ-150103,3
CPDC151677,SEQ-150100,3
CPDC151679,SEQ-150099,3
CPDC151679,SEQ-150103,3
CPDC151679,SEQ-150100,3
CPDC151680,SEQ-150099,3
CPDC151680,SEQ-150103,3
CPDC151680,SEQ-150100,3
CPDC151681,SEQ-150099,3
CPDC151681,SEQ-150103,3
CPDC151681,SEQ-150100,3
CPDC151682,SEQ-150099,3
CPDC151682,SEQ-150103,3
CPDC151682,SEQ-150100,3
CPDC151683,SEQ-150099,3
CPDC151683,SEQ-150103,3
CPDC151683,SEQ-150100,3
CPDC151688,SEQ-150099,3
CPDC151688,SEQ-150103,3
CPDC151688,SEQ-150100,3
CPDC151690,SEQ-150099,3
CPDC151690,SEQ-150103,3
CPDC151690,SEQ-150100,3
CPDC151691,SEQ-150099,4
CPDC151691,SEQ-150102,4
CPDC151691,SEQ-150103,4
CPDC151691,SEQ-150100,4
CPDC151693,SEQ-150102,2
CPDC151693,SEQ-150101,2
CPDC151694,SEQ-150099,3
CPDC151694,SEQ-150103,3
CPDC151694,SEQ-150100,3
CPDC151696,SEQ-150101,2
CPDC151696,SEQ-150106,2
CPDC151705,SEQ-150102,2
CPDC151705,SEQ-150107,2
CPDC151713,SEQ-150102,2
CPDC151713,SEQ-150106,2
CPDC151717,SEQ-150101,2
CPDC151717,SEQ-150112,2
CPDC151723,SEQ-150104,2
CPDC151723,SEQ-150110,2
CPDC151729,SEQ-150104,2
CPDC151729,SEQ-150106,2
CPDC151736,SEQ-150104,2
CPDC151736,SEQ-150105,2
CPDC151737,SEQ-150104,3
CPDC151737,SEQ-150112,3
CPDC151737,SEQ-150114,3
CPDC151745,SEQ-150105,2
CPDC151745,SEQ-150114,2
CPDC151746,SEQ-150105,2
CPDC151746,SEQ-150106,2
CPDC151747,SEQ-150105,2
CPDC151747,SEQ-150114,2
CPDC151748,SEQ-150105,2
CPDC151748,SEQ-150114,2
CPDC151749,SEQ-150107,2
CPDC151749,SEQ-150112,2
CPDC151751,SEQ-150104,2
CPDC151751,SEQ-150106,2
CPDC151752,SEQ-150107,2
CPDC151752,SEQ-150112,2
CPDC151762,SEQ-150106,2
CPDC151762,SEQ-150107,2
CPDC151765,SEQ-150106,2
CPDC151765,SEQ-150107,2
CPDC151787,SEQ-150106,2
CPDC151787,SEQ-150116,2
CPDC151794,SEQ-150112,2
CPDC151794,SEQ-150110,2
CPDC151795,SEQ-150112,2
CPDC151795,SEQ-150110,2
CPDC151801,SEQ-150108,3
CPDC151801,SEQ-150117,3
CPDC151801,SEQ-150119,3
CPDC151810,SEQ-150110,2
CPDC151810,SEQ-150116,2
CPDC151817,SEQ-150108,3
CPDC151817,SEQ-150117,3
CPDC151817,SEQ-150119,3
CPDC151823,SEQ-150108,2
CPDC151823,SEQ-150112,2
CPDC151838,SEQ-150111,2
CPDC151838,SEQ-150115,2
CPDC151849,SEQ-150112,3
CPDC151849,SEQ-150116,3
CPDC151849,SEQ-150122,3
CPDC151858,SEQ-150114,2
CPDC151858,SEQ-150122,2
CPDC151866,SEQ-150112,2
CPDC151866,SEQ-150115,2
CPDC151888,SEQ-150116,2
CPDC151888,SEQ-150126,2
CPDC151890,SEQ-150116,2
CPDC151890,SEQ-150126,2
CPDC151893,SEQ-150116,2
CPDC151893,SEQ-150126,2
CPDC151902,SEQ-150116,2
CPDC151902,SEQ-150122,2
CPDC151909,SEQ-150116,2
CPDC151909,SEQ-150122,2
CPDC151925,SEQ-150117,2
CPDC151925,SEQ-150119,2
CPDC151926,SEQ-150117,2
CPDC151926,SEQ-150119,2
CPDC151927,SEQ-150117,2
CPDC151927,SEQ-150119,2
CPDC151929,SEQ-150117,2
CPDC151929,SEQ-150119,2
CPDC151931,SEQ-150117,2
CPDC151931,SEQ-150119,2
CPDC151933,SEQ-150117,2
CPDC151933,SEQ-150119,2
CPDC151937,SEQ-150117,3
CPDC151937,SEQ-150119,3
CPDC151937,SEQ-150120,3
CPDC151938,SEQ-150117,2
CPDC151938,SEQ-150119,2
CPDC151941,SEQ-150117,3
CPDC151941,SEQ-150119,3
CPDC151941,SEQ-150120,3
CPDC151974,SEQ-150120,2
CPDC151974,SEQ-150125,2
CPDC151975,SEQ-150121,2
CPDC151975,SEQ-150126,2
CPDC151978,SEQ-150121,2
CPDC151978,SEQ-150126,2
CPDC151982,SEQ-150122,3
CPDC151982,SEQ-150131,3
CPDC151982,SEQ-150132,3
CPDC152011,SEQ-150123,2
CPDC152011,SEQ-150126,2
CPDC152025,SEQ-150123,3
CPDC152025,SEQ-150134,3
CPDC152025,SEQ-150138,3
CPDC152027,SEQ-150123,2
CPDC152027,SEQ-150126,2
CPDC152031,SEQ-150122,2
CPDC152031,SEQ-150125,2
CPDC152032,SEQ-150122,2
CPDC152032,SEQ-150125,2
CPDC152046,SEQ-150125,2
CPDC152046,SEQ-150126,2
CPDC152054,SEQ-150126,2
CPDC152054,SEQ-150129,2
CPDC152055,SEQ-150126,2
CPDC152055,SEQ-150129,2
CPDC152077,SEQ-150126,2
CPDC152077,SEQ-150128,2
CPDC152089,SEQ-150128,2
CPDC152089,SEQ-150144,2
CPDC152090,SEQ-150128,2
CPDC152090,SEQ-150144,2
CPDC152093,SEQ-150128,2
CPDC152093,SEQ-150144,2
CPDC152096,SEQ-150129,2
CPDC152096,SEQ-150137,2
CPDC152100,SEQ-150128,4
CPDC152100,SEQ-150142,4
CPDC152100,SEQ-150144,4
CPDC152100,SEQ-150159,4
CPDC152104,SEQ-150129,2
CPDC152104,SEQ-150137,2
CPDC152106,SEQ-150128,4
CPDC152106,SEQ-150142,4
CPDC152106,SEQ-150144,4
CPDC152106,SEQ-150159,4
CPDC152108,SEQ-150128,4
CPDC152108,SEQ-150142,4
CPDC152108,SEQ-150144,4
CPDC152108,SEQ-150159,4
CPDC152111,SEQ-150128,4
CPDC152111,SEQ-150129,4
CPDC152111,SEQ-150131,4
CPDC152111,SEQ-150132,4
CPDC152123,SEQ-150131,2
CPDC152123,SEQ-150132,2
CPDC152131,SEQ-150131,2
CPDC152131,SEQ-150132,2
CPDC152132,SEQ-150131,2
CPDC152132,SEQ-150132,2
CPDC152133,SEQ-150131,5
CPDC152133,SEQ-150132,5
CPDC152133,SEQ-150137,5
CPDC152133,SEQ-150143,5
CPDC152133,SEQ-150146,5
CPDC152134,SEQ-150131,2
CPDC152134,SEQ-150132,2
CPDC152137,SEQ-150131,2
CPDC152137,SEQ-150132,2
CPDC152138,SEQ-150131,2
CPDC152138,SEQ-150132,2
CPDC152139,SEQ-150131,2
CPDC152139,SEQ-150132,2
CPDC152140,SEQ-150131,2
CPDC152140,SEQ-150132,2
CPDC152141,SEQ-150131,2
CPDC152141,SEQ-150132,2
CPDC152142,SEQ-150131,2
CPDC152142,SEQ-150132,2
CPDC152144,SEQ-150134,4
CPDC152144,SEQ-150133,4
CPDC152144,SEQ-150138,4
CPDC152144,SEQ-150139,4
CPDC152146,SEQ-150134,3
CPDC152146,SEQ-150133,3
CPDC152146,SEQ-150138,3
CPDC152152,SEQ-150133,4
CPDC152152,SEQ-150137,4
CPDC152152,SEQ-150143,4
CPDC152152,SEQ-150146,4
CPDC152162,SEQ-150134,2
CPDC152162,SEQ-150138,2
CPDC152163,SEQ-150134,2
CPDC152163,SEQ-150138,2
CPDC152164,SEQ-150134,2
CPDC152164,SEQ-150138,2
CPDC152165,SEQ-150134,2
CPDC152165,SEQ-150138,2
CPDC152166,SEQ-150134,2
CPDC152166,SEQ-150138,2
CPDC152167,SEQ-150134,2
CPDC152167,SEQ-150138,2
CPDC152170,SEQ-150134,3
CPDC152170,SEQ-150138,3
CPDC152170,SEQ-150139,3
CPDC152171,SEQ-150134,2
CPDC152171,SEQ-150138,2
CPDC152172,SEQ-150134,2
CPDC152172,SEQ-150138,2
CPDC152173,SEQ-150134,2
CPDC152173,SEQ-150138,2
CPDC152174,SEQ-150134,2
CPDC152174,SEQ-150138,2
CPDC152176,SEQ-150134,2
CPDC152176,SEQ-150138,2
CPDC152177,SEQ-150134,3
CPDC152177,SEQ-150136,3
CPDC152177,SEQ-150138,3
CPDC152178,SEQ-150134,2
CPDC152178,SEQ-150138,2
CPDC152179,SEQ-150134,3
CPDC152179,SEQ-150138,3
CPDC152179,SEQ-150139,3
CPDC152180,SEQ-150134,2
CPDC152180,SEQ-150138,2
CPDC152184,SEQ-150134,2
CPDC152184,SEQ-150138,2
CPDC152186,SEQ-150136,2
CPDC152186,SEQ-150142,2
CPDC152200,SEQ-150136,3
CPDC152200,SEQ-150140,3
CPDC152200,SEQ-150139,3
CPDC152206,SEQ-150139,2
CPDC152206,SEQ-150142,2
CPDC152233,SEQ-150139,2
CPDC152233,SEQ-150143,2
CPDC152239,SEQ-150140,2
CPDC152239,SEQ-150139,2
CPDC152243,SEQ-150142,2
CPDC152243,SEQ-150143,2
CPDC152256,SEQ-150142,2
CPDC152256,SEQ-150143,2
CPDC152258,SEQ-150143,2
CPDC152258,SEQ-150145,2
CPDC152272,SEQ-150143,2
CPDC152272,SEQ-150146,2
CPDC152279,SEQ-150143,2
CPDC152279,SEQ-150146,2
CPDC152335,SEQ-150147,5
CPDC152335,SEQ-160002,5
CPDC152335,SEQ-160003,5
CPDC152335,SEQ-160004,5
CPDC152335,SEQ-160005,5
CPDC152339,SEQ-150147,2
CPDC152339,SEQ-150150,2
CPDC152341,SEQ-150147,2
CPDC152341,SEQ-150150,2
CPDC152342,SEQ-150147,2
CPDC152342,SEQ-150150,2
CPDC152348,SEQ-150147,5
CPDC152348,SEQ-160002,5
CPDC152348,SEQ-160003,5
CPDC152348,SEQ-160004,5
CPDC152348,SEQ-160005,5
CPDC152353,SEQ-150148,2
CPDC152353,SEQ-150152,2
CPDC152361,SEQ-150149,3
CPDC152361,SEQ-150155,3
CPDC152361,SEQ-150160,3
CPDC152362,SEQ-150149,4
CPDC152362,SEQ-150150,4
CPDC152362,SEQ-150155,4
CPDC152362,SEQ-150160,4
CPDC152376,SEQ-150149,2
CPDC152376,SEQ-150154,2
CPDC152386,SEQ-150153,2
CPDC152386,SEQ-150158,2
CPDC152390,SEQ-150150,2
CPDC152390,SEQ-150155,2
CPDC152391,SEQ-150150,2
CPDC152391,SEQ-150155,2
CPDC152395,SEQ-150151,6
CPDC152395,SEQ-150154,6
CPDC152395,SEQ-150155,6
CPDC152395,SEQ-150160,6
CPDC152395,SEQ-160035,6
CPDC152395,SEQ-160040,6
CPDC152396,SEQ-150149,2
CPDC152396,SEQ-150153,2
CPDC152410,SEQ-150152,2
CPDC152410,SEQ-150157,2
CPDC152417,SEQ-150152,3
CPDC152417,SEQ-150164,3
CPDC152417,SEQ-150167,3
CPDC152426,SEQ-150154,2
CPDC152426,SEQ-150162,2
CPDC152485,SEQ-150154,2
CPDC152485,SEQ-150162,2
CPDC152486,SEQ-150164,3
CPDC152486,SEQ-150162,3
CPDC152486,SEQ-150167,3
CPDC152489,SEQ-150154,2
CPDC152489,SEQ-150158,2
CPDC152503,SEQ-150158,4
CPDC152503,SEQ-150157,4
CPDC152503,SEQ-150167,4
CPDC152503,SEQ-150165,4
CPDC152506,SEQ-150157,3
CPDC152506,SEQ-150162,3
CPDC152506,SEQ-150170,3
CPDC152515,SEQ-150157,3
CPDC152515,SEQ-150167,3
CPDC152515,SEQ-150165,3
CPDC152517,SEQ-150161,4
CPDC152517,SEQ-150167,4
CPDC152517,SEQ-150170,4
CPDC152517,SEQ-150172,4
CPDC152523,SEQ-150157,3
CPDC152523,SEQ-150167,3
CPDC152523,SEQ-150165,3
CPDC152531,SEQ-150161,4
CPDC152531,SEQ-150167,4
CPDC152531,SEQ-150170,4
CPDC152531,SEQ-150172,4
CPDC152537,SEQ-150161,4
CPDC152537,SEQ-150167,4
CPDC152537,SEQ-150170,4
CPDC152537,SEQ-150172,4
CPDC152542,SEQ-150160,2
CPDC152542,SEQ-150157,2
CPDC152565,SEQ-150167,3
CPDC152565,SEQ-150170,3
CPDC152565,SEQ-150172,3
CPDC152575,SEQ-150163,2
CPDC152575,SEQ-150170,2
CPDC152578,SEQ-150167,3
CPDC152578,SEQ-150170,3
CPDC152578,SEQ-150172,3
CPDC152579,SEQ-150167,3
CPDC152579,SEQ-150170,3
CPDC152579,SEQ-150172,3
CPDC152581,SEQ-150163,3
CPDC152581,SEQ-150164,3
CPDC152581,SEQ-150167,3
CPDC152597,SEQ-150167,3
CPDC152597,SEQ-150170,3
CPDC152597,SEQ-150172,3
CPDC152598,SEQ-150167,3
CPDC152598,SEQ-150170,3
CPDC152598,SEQ-150172,3
CPDC152600,SEQ-150167,4
CPDC152600,SEQ-150170,4
CPDC152600,SEQ-150172,4
CPDC152600,SEQ-150179,4
CPDC152601,SEQ-150167,3
CPDC152601,SEQ-150170,3
CPDC152601,SEQ-150172,3
CPDC152607,SEQ-150164,2
CPDC152607,SEQ-150167,2
CPDC152628,SEQ-150170,2
CPDC152628,SEQ-150171,2
CPDC152629,SEQ-150167,3
CPDC152629,SEQ-150170,3
CPDC152629,SEQ-150172,3
CPDC152638,SEQ-150165,3
CPDC152638,SEQ-150171,3
CPDC152638,SEQ-150173,3
CPDC152647,SEQ-150170,4
CPDC152647,SEQ-150171,4
CPDC152647,SEQ-150175,4
CPDC152647,SEQ-150176,4
CPDC152649,SEQ-150170,4
CPDC152649,SEQ-150171,4
CPDC152649,SEQ-150175,4
CPDC152649,SEQ-150176,4
CPDC152653,SEQ-150168,2
CPDC152653,SEQ-150171,2
CPDC152656,SEQ-150169,2
CPDC152656,SEQ-150168,2
CPDC152661,SEQ-150169,2
CPDC152661,SEQ-150168,2
CPDC152662,SEQ-150169,2
CPDC152662,SEQ-150168,2
CPDC152667,SEQ-150170,2
CPDC152667,SEQ-150171,2
CPDC152669,SEQ-150168,5
CPDC152669,SEQ-150170,5
CPDC152669,SEQ-150172,5
CPDC152669,SEQ-150175,5
CPDC152669,SEQ-150176,5
CPDC152671,SEQ-150170,2
CPDC152671,SEQ-150172,2
CPDC152683,SEQ-150169,2
CPDC152683,SEQ-150171,2
CPDC152689,SEQ-150170,4
CPDC152689,SEQ-150171,4
CPDC152689,SEQ-150175,4
CPDC152689,SEQ-150176,4
CPDC152692,SEQ-150170,3
CPDC152692,SEQ-150175,3
CPDC152692,SEQ-150176,3
CPDC152713,SEQ-150172,2
CPDC152713,SEQ-150173,2
CPDC152717,SEQ-150171,2
CPDC152717,SEQ-150173,2
CPDC152719,SEQ-150171,2
CPDC152719,SEQ-150173,2
CPDC152721,SEQ-150171,2
CPDC152721,SEQ-150173,2
CPDC152734,SEQ-150171,2
CPDC152734,SEQ-150173,2
CPDC152739,SEQ-150175,2
CPDC152739,SEQ-150178,2
CPDC152743,SEQ-150172,2
CPDC152743,SEQ-150176,2
CPDC152744,SEQ-150173,2
CPDC152744,SEQ-150176,2
CPDC152758,SEQ-150176,2
CPDC152758,SEQ-150178,2
CPDC152760,SEQ-150176,2
CPDC152760,SEQ-150178,2
CPDC152789,SEQ-150176,2
CPDC152789,SEQ-150178,2
CPDC152796,SEQ-150177,2
CPDC152796,SEQ-150182,2
CPDC152797,SEQ-150178,2
CPDC152797,SEQ-150183,2
CPDC152803,SEQ-150177,2
CPDC152803,SEQ-150184,2
CPDC152805,SEQ-150177,2
CPDC152805,SEQ-150181,2
CPDC152814,SEQ-150177,2
CPDC152814,SEQ-150184,2
CPDC152815,SEQ-150177,2
CPDC152815,SEQ-150184,2
CPDC152816,SEQ-150179,5
CPDC152816,SEQ-150183,5
CPDC152816,SEQ-150185,5
CPDC152816,SEQ-150190,5
CPDC152816,SEQ-160008,5
CPDC152819,SEQ-150177,2
CPDC152819,SEQ-150184,2
CPDC152820,SEQ-150179,2
CPDC152820,SEQ-150178,2
CPDC152870,SEQ-150183,2
CPDC152870,SEQ-150191,2
CPDC152872,SEQ-150182,2
CPDC152872,SEQ-150183,2
CPDC152874,SEQ-150181,2
CPDC152874,SEQ-150187,2
CPDC152876,SEQ-150181,4
CPDC152876,SEQ-150185,4
CPDC152876,SEQ-150190,4
CPDC152876,SEQ-160008,4
CPDC152879,SEQ-150181,2
CPDC152879,SEQ-150183,2
CPDC152880,SEQ-150181,2
CPDC152880,SEQ-150183,2
CPDC152883,SEQ-150183,2
CPDC152883,SEQ-150187,2
CPDC152897,SEQ-150185,4
CPDC152897,SEQ-150189,4
CPDC152897,SEQ-150190,4
CPDC152897,SEQ-160008,4
CPDC152899,SEQ-150185,3
CPDC152899,SEQ-150190,3
CPDC152899,SEQ-160008,3
CPDC152900,SEQ-150185,3
CPDC152900,SEQ-150190,3
CPDC152900,SEQ-160008,3
CPDC152906,SEQ-150185,3
CPDC152906,SEQ-150190,3
CPDC152906,SEQ-160008,3
CPDC152913,SEQ-150185,3
CPDC152913,SEQ-150190,3
CPDC152913,SEQ-160008,3
CPDC152916,SEQ-150185,3
CPDC152916,SEQ-150190,3
CPDC152916,SEQ-160008,3
CPDC152917,SEQ-150183,2
CPDC152917,SEQ-150186,2
CPDC152923,SEQ-150186,3
CPDC152923,SEQ-150187,3
CPDC152923,SEQ-150188,3
CPDC152933,SEQ-150185,3
CPDC152933,SEQ-150190,3
CPDC152933,SEQ-160008,3
CPDC152934,SEQ-150185,3
CPDC152934,SEQ-150190,3
CPDC152934,SEQ-160008,3
CPDC152936,SEQ-150185,3
CPDC152936,SEQ-150190,3
CPDC152936,SEQ-160008,3
CPDC152937,SEQ-150185,5
CPDC152937,SEQ-150190,5
CPDC152937,SEQ-160008,5
CPDC152937,SEQ-160034,5
CPDC152937,SEQ-160033,5
CPDC152940,SEQ-150185,3
CPDC152940,SEQ-150190,3
CPDC152940,SEQ-160008,3
CPDC152943,SEQ-150185,3
CPDC152943,SEQ-150190,3
CPDC152943,SEQ-160008,3
CPDC152945,SEQ-150185,3
CPDC152945,SEQ-150190,3
CPDC152945,SEQ-160008,3
CPDC152951,SEQ-150185,3
CPDC152951,SEQ-150190,3
CPDC152951,SEQ-160008,3
CPDC152952,SEQ-150185,3
CPDC152952,SEQ-150190,3
CPDC152952,SEQ-160008,3
CPDC152953,SEQ-150185,3
CPDC152953,SEQ-150190,3
CPDC152953,SEQ-160008,3
CPDC152955,SEQ-150185,3
CPDC152955,SEQ-150190,3
CPDC152955,SEQ-160008,3
CPDC152958,SEQ-150187,2
CPDC152958,SEQ-150188,2
CPDC152972,SEQ-150189,3
CPDC152972,SEQ-160034,3
CPDC152972,SEQ-160033,3
CPDC153006,SEQ-150187,2
CPDC153006,SEQ-150188,2
CPDC153008,SEQ-150187,2
CPDC153008,SEQ-150188,2
CPDC153011,SEQ-150189,2
CPDC153011,SEQ-150192,2
CPDC153015,SEQ-150189,3
CPDC153015,SEQ-160034,3
CPDC153015,SEQ-160033,3
CPDC153026,SEQ-150194,2
CPDC153026,SEQ-160005,2
CPDC153028,SEQ-150191,2
CPDC153028,SEQ-150193,2
CPDC153050,SEQ-150191,2
CPDC153050,SEQ-150193,2
CPDC153059,SEQ-150192,2
CPDC153059,SEQ-150193,2
CPDC153072,SEQ-150192,2
CPDC153072,SEQ-150194,2
CPDC153094,SEQ-150193,4
CPDC153094,SEQ-150194,4
CPDC153094,SEQ-160035,4
CPDC153094,SEQ-160040,4
CPDC153104,SEQ-150194,2
CPDC153104,SEQ-160004,2
CPDC153106,SEQ-150194,2
CPDC153106,SEQ-160004,2
CPDC153114,SEQ-150193,2
CPDC153114,SEQ-150194,2
CPDC153119,SEQ-150193,2
CPDC153119,SEQ-150194,2
CPDC153121,SEQ-160001,2
CPDC153121,SEQ-160004,2
CPDC153124,SEQ-160001,2
CPDC153124,SEQ-160003,2
CPDC153127,SEQ-160001,3
CPDC153127,SEQ-160005,3
CPDC153127,SEQ-160009,3
CPDC153134,SEQ-160001,2
CPDC153134,SEQ-160004,2
CPDC153139,SEQ-160001,2
CPDC153139,SEQ-160004,2
CPDC153149,SEQ-160001,2
CPDC153149,SEQ-160003,2
CPDC160001,SEQ-160002,2
CPDC160001,SEQ-160011,2
CPDC160014,SEQ-160002,2
CPDC160014,SEQ-160003,2
CPDC160019,SEQ-160004,2
CPDC160019,SEQ-160006,2
CPDC160026,SEQ-160005,2
CPDC160026,SEQ-160006,2
CPDC160040,SEQ-160006,2
CPDC160040,SEQ-160011,2
CPDC160071,SEQ-160006,5
CPDC160071,SEQ-160007,5
CPDC160071,SEQ-160010,5
CPDC160071,SEQ-160014,5
CPDC160071,SEQ-160035,5
CPDC160123,SEQ-160009,2
CPDC160123,SEQ-160015,2
CPDC160125,SEQ-160007,2
CPDC160125,SEQ-160017,2
CPDC160126,SEQ-160006,4
CPDC160126,SEQ-160007,4
CPDC160126,SEQ-160010,4
CPDC160126,SEQ-160014,4
CPDC160129,SEQ-160009,3
CPDC160129,SEQ-160011,3
CPDC160129,SEQ-160012,3
CPDC160131,SEQ-160009,3
CPDC160131,SEQ-160010,3
CPDC160131,SEQ-160014,3
CPDC160132,SEQ-160013,5
CPDC160132,SEQ-160018,5
CPDC160132,SEQ-160019,5
CPDC160132,SEQ-160020,5
CPDC160132,SEQ-160021,5
CPDC160141,SEQ-160011,2
CPDC160141,SEQ-160016,2
CPDC160155,SEQ-160010,2
CPDC160155,SEQ-160014,2
CPDC160156,SEQ-160010,3
CPDC160156,SEQ-160017,3
CPDC160156,SEQ-160014,3
CPDC160157,SEQ-160009,3
CPDC160157,SEQ-160010,3
CPDC160157,SEQ-160014,3
CPDC160158,SEQ-160010,2
CPDC160158,SEQ-160014,2
CPDC160159,SEQ-160010,2
CPDC160159,SEQ-160014,2
CPDC160160,SEQ-160010,2
CPDC160160,SEQ-160014,2
CPDC160161,SEQ-160010,3
CPDC160161,SEQ-160015,3
CPDC160161,SEQ-160014,3
CPDC160162,SEQ-160010,2
CPDC160162,SEQ-160014,2
CPDC160165,SEQ-160010,3
CPDC160165,SEQ-160012,3
CPDC160165,SEQ-160014,3
CPDC160168,SEQ-160010,2
CPDC160168,SEQ-160014,2
CPDC160169,SEQ-160010,2
CPDC160169,SEQ-160014,2
CPDC160170,SEQ-160010,2
CPDC160170,SEQ-160014,2
CPDC160171,SEQ-160010,2
CPDC160171,SEQ-160014,2
CPDC160172,SEQ-160010,3
CPDC160172,SEQ-160015,3
CPDC160172,SEQ-160014,3
CPDC160173,SEQ-160010,2
CPDC160173,SEQ-160014,2
CPDC160179,SEQ-160011,2
CPDC160179,SEQ-160016,2
CPDC160183,SEQ-160010,2
CPDC160183,SEQ-160014,2
CPDC160188,SEQ-160011,2
CPDC160188,SEQ-160012,2
CPDC160196,SEQ-160013,2
CPDC160196,SEQ-160016,2
CPDC160199,SEQ-160013,2
CPDC160199,SEQ-160018,2
CPDC160208,SEQ-160012,2
CPDC160208,SEQ-160016,2
CPDC160212,SEQ-160012,2
CPDC160212,SEQ-160016,2
CPDC160215,SEQ-160012,2
CPDC160215,SEQ-160016,2
CPDC160218,SEQ-160013,4
CPDC160218,SEQ-160017,4
CPDC160218,SEQ-160019,4
CPDC160218,SEQ-160020,4
CPDC160223,SEQ-160013,2
CPDC160223,SEQ-160018,2
CPDC160224,SEQ-160012,2
CPDC160224,SEQ-160013,2
CPDC160225,SEQ-160012,3
CPDC160225,SEQ-160013,3
CPDC160225,SEQ-160017,3
CPDC160236,SEQ-160012,2
CPDC160236,SEQ-160013,2
CPDC160243,SEQ-160015,2
CPDC160243,SEQ-160017,2
CPDC160253,SEQ-160018,4
CPDC160253,SEQ-160019,4
CPDC160253,SEQ-160020,4
CPDC160253,SEQ-160021,4
CPDC160257,SEQ-160018,3
CPDC160257,SEQ-160019,3
CPDC160257,SEQ-160020,3
CPDC160279,SEQ-160018,4
CPDC160279,SEQ-160019,4
CPDC160279,SEQ-160020,4
CPDC160279,SEQ-160021,4
CPDC160280,SEQ-160017,2
CPDC160280,SEQ-160016,2
CPDC160403,SEQ-160018,2
CPDC160403,SEQ-160023,2
CPDC160407,SEQ-160018,2
CPDC160407,SEQ-160023,2
CPDC160412,SEQ-160018,2
CPDC160412,SEQ-160023,2
CPDC160415,SEQ-160018,2
CPDC160415,SEQ-160022,2
CPDC160421,SEQ-160018,4
CPDC160421,SEQ-160019,4
CPDC160421,SEQ-160020,4
CPDC160421,SEQ-160021,4
CPDC160423,SEQ-160018,3
CPDC160423,SEQ-160019,3
CPDC160423,SEQ-160020,3
CPDC160424,SEQ-160018,3
CPDC160424,SEQ-160019,3
CPDC160424,SEQ-160020,3
CPDC160425,SEQ-160019,2
CPDC160425,SEQ-160020,2
CPDC160426,SEQ-160019,2
CPDC160426,SEQ-160020,2
CPDC160428,SEQ-160019,2
CPDC160428,SEQ-160020,2
CPDC160429,SEQ-160019,2
CPDC160429,SEQ-160020,2
CPDC160430,SEQ-160019,2
CPDC160430,SEQ-160020,2
CPDC160431,SEQ-160019,2
CPDC160431,SEQ-160020,2
CPDC160432,SEQ-160019,2
CPDC160432,SEQ-160020,2
CPDC160433,SEQ-160019,2
CPDC160433,SEQ-160020,2
CPDC160434,SEQ-160019,2
CPDC160434,SEQ-160020,2
CPDC160435,SEQ-160019,2
CPDC160435,SEQ-160020,2
CPDC160436,SEQ-160019,2
CPDC160436,SEQ-160020,2
CPDC160437,SEQ-160019,2
CPDC160437,SEQ-160020,2
CPDC160439,SEQ-160019,2
CPDC160439,SEQ-160020,2
CPDC160440,SEQ-160019,2
CPDC160440,SEQ-160020,2
CPDC160443,SEQ-160021,2
CPDC160443,SEQ-160023,2
CPDC160444,SEQ-160021,2
CPDC160444,SEQ-160025,2
CPDC160445,SEQ-160021,2
CPDC160445,SEQ-160023,2
CPDC160447,SEQ-160021,2
CPDC160447,SEQ-160023,2
CPDC160452,SEQ-160021,2
CPDC160452,SEQ-160025,2
CPDC160455,SEQ-160021,2
CPDC160455,SEQ-160031,2
CPDC160464,SEQ-160021,2
CPDC160464,SEQ-160032,2
CPDC160524,SEQ-160022,2
CPDC160524,SEQ-160035,2
CPDC160530,SEQ-160025,2
CPDC160530,SEQ-160037,2
CPDC160554,SEQ-160025,3
CPDC160554,SEQ-160034,3
CPDC160554,SEQ-160035,3
CPDC160562,SEQ-160025,2
CPDC160562,SEQ-160035,2
CPDC160564,SEQ-160025,2
CPDC160564,SEQ-160029,2
CPDC160565,SEQ-160025,2
CPDC160565,SEQ-160029,2
CPDC160569,SEQ-160026,2
CPDC160569,SEQ-160035,2
CPDC160576,SEQ-160025,2
CPDC160576,SEQ-160037,2
CPDC160593,SEQ-160029,2
CPDC160593,SEQ-160035,2
CPDC160594,SEQ-160026,2
CPDC160594,SEQ-160035,2
CPDC160619,SEQ-160032,2
CPDC160619,SEQ-160037,2
CPDC160624,SEQ-160029,2
CPDC160624,SEQ-160035,2
CPDC160628,SEQ-160035,2
CPDC160628,SEQ-160041,2
CPDC160641,SEQ-160035,2
CPDC160641,SEQ-160038,2
CPDC160643,SEQ-160032,2
CPDC160643,SEQ-160036,2
CPDC160644,SEQ-160031,2
CPDC160644,SEQ-160036,2
CPDC160645,SEQ-160031,2
CPDC160645,SEQ-160036,2
CPDC160646,SEQ-160031,3
CPDC160646,SEQ-160036,3
CPDC160646,SEQ-160042,3
CPDC160647,SEQ-160031,2
CPDC160647,SEQ-160036,2
CPDC160659,SEQ-160031,3
CPDC160659,SEQ-160040,3
CPDC160659,SEQ-160042,3
CPDC160660,SEQ-160032,2
CPDC160660,SEQ-160037,2
CPDC160670,SEQ-160036,4
CPDC160670,SEQ-160042,4
CPDC160670,SEQ-160044,4
CPDC160670,SEQ-160046,4
CPDC160679,SEQ-160033,2
CPDC160679,SEQ-160041,2
CPDC160687,SEQ-160034,2
CPDC160687,SEQ-160033,2
CPDC160707,SEQ-160034,2
CPDC160707,SEQ-160033,2
CPDC160724,SEQ-160034,2
CPDC160724,SEQ-160033,2
CPDC160725,SEQ-160040,4
CPDC160725,SEQ-160042,4
CPDC160725,SEQ-160044,4
CPDC160725,SEQ-160046,4
CPDC160729,SEQ-160036,2
CPDC160729,SEQ-160039,2
CPDC160735,SEQ-160036,2
CPDC160735,SEQ-160039,2
CPDC160738,SEQ-160040,2
CPDC160738,SEQ-160042,2
CPDC160741,SEQ-160038,2
CPDC160741,SEQ-160065,2
CPDC160746,SEQ-160038,2
CPDC160746,SEQ-160065,2
CPDC160749,SEQ-160040,4
CPDC160749,SEQ-160042,4
CPDC160749,SEQ-160044,4
CPDC160749,SEQ-160046,4
CPDC160755,SEQ-160037,2
CPDC160755,SEQ-160039,2
CPDC160761,SEQ-160040,2
CPDC160761,SEQ-160042,2
CPDC160771,SEQ-160040,2
CPDC160771,SEQ-160042,2
CPDC160773,SEQ-160040,2
CPDC160773,SEQ-160042,2
CPDC160785,SEQ-160040,2
CPDC160785,SEQ-160043,2
CPDC160793,SEQ-160040,2
CPDC160793,SEQ-160041,2
CPDC160800,SEQ-160040,2
CPDC160800,SEQ-160044,2
CPDC160802,SEQ-160040,4
CPDC160802,SEQ-160042,4
CPDC160802,SEQ-160044,4
CPDC160802,SEQ-160046,4
CPDC160803,SEQ-160043,2
CPDC160803,SEQ-160050,2
CPDC160807,SEQ-160041,2
CPDC160807,SEQ-160046,2
CPDC160813,SEQ-160044,3
CPDC160813,SEQ-160046,3
CPDC160813,SEQ-160050,3
CPDC160825,SEQ-160044,3
CPDC160825,SEQ-160046,3
CPDC160825,SEQ-160050,3
CPDC160834,SEQ-160041,2
CPDC160834,SEQ-160043,2
CPDC160858,SEQ-160042,2
CPDC160858,SEQ-160048,2
CPDC160873,SEQ-160042,3
CPDC160873,SEQ-160048,3
CPDC160873,SEQ-160055,3
CPDC160874,SEQ-160042,2
CPDC160874,SEQ-160048,2
CPDC160890,SEQ-160047,2
CPDC160890,SEQ-160050,2
CPDC160897,SEQ-160044,2
CPDC160897,SEQ-160048,2
CPDC160904,SEQ-160047,2
CPDC160904,SEQ-160050,2
CPDC160910,SEQ-160047,2
CPDC160910,SEQ-160050,2
CPDC160922,SEQ-160046,2
CPDC160922,SEQ-160050,2
CPDC160929,SEQ-160047,2
CPDC160929,SEQ-160050,2
CPDC160934,SEQ-160049,2
CPDC160934,SEQ-160048,2
CPDC160950,SEQ-160049,2
CPDC160950,SEQ-160048,2
CPDC160960,SEQ-160049,2
CPDC160960,SEQ-160048,2
CPDC160961,SEQ-160048,2
CPDC160961,SEQ-160058,2
CPDC160988,SEQ-160053,2
CPDC160988,SEQ-160054,2
CPDC160989,SEQ-160053,2
CPDC160989,SEQ-160054,2
CPDC161001,SEQ-160056,7
CPDC161001,SEQ-160057,7
CPDC161001,SEQ-160074,7
CPDC161001,SEQ-160110,7
CPDC161001,SEQ-160113,7
CPDC161001,SEQ-160144,7
CPDC161001,SEQ-160194,7
CPDC161009,SEQ-160055,2
CPDC161009,SEQ-160054,2
CPDC161010,SEQ-160056,7
CPDC161010,SEQ-160057,7
CPDC161010,SEQ-160074,7
CPDC161010,SEQ-160110,7
CPDC161010,SEQ-160113,7
CPDC161010,SEQ-160144,7
CPDC161010,SEQ-160194,7
CPDC161016,SEQ-160056,7
CPDC161016,SEQ-160057,7
CPDC161016,SEQ-160074,7
CPDC161016,SEQ-160110,7
CPDC161016,SEQ-160113,7
CPDC161016,SEQ-160144,7
CPDC161016,SEQ-160194,7
CPDC161018,SEQ-160056,6
CPDC161018,SEQ-160057,6
CPDC161018,SEQ-160074,6
CPDC161018,SEQ-160110,6
CPDC161018,SEQ-160113,6
CPDC161018,SEQ-160144,6
CPDC161019,SEQ-160055,2
CPDC161019,SEQ-160054,2
CPDC161027,SEQ-160056,7
CPDC161027,SEQ-160057,7
CPDC161027,SEQ-160074,7
CPDC161027,SEQ-160110,7
CPDC161027,SEQ-160113,7
CPDC161027,SEQ-160144,7
CPDC161027,SEQ-160194,7
CPDC161028,SEQ-160055,3
CPDC161028,SEQ-160061,3
CPDC161028,SEQ-160065,3
CPDC161029,SEQ-160056,8
CPDC161029,SEQ-160057,8
CPDC161029,SEQ-160065,8
CPDC161029,SEQ-160074,8
CPDC161029,SEQ-160110,8
CPDC161029,SEQ-160113,8
CPDC161029,SEQ-160144,8
CPDC161029,SEQ-160194,8
CPDC161042,SEQ-160056,7
CPDC161042,SEQ-160057,7
CPDC161042,SEQ-160074,7
CPDC161042,SEQ-160110,7
CPDC161042,SEQ-160113,7
CPDC161042,SEQ-160144,7
CPDC161042,SEQ-160194,7
CPDC161043,SEQ-160056,8
CPDC161043,SEQ-160058,8
CPDC161043,SEQ-160057,8
CPDC161043,SEQ-160074,8
CPDC161043,SEQ-160110,8
CPDC161043,SEQ-160113,8
CPDC161043,SEQ-160144,8
CPDC161043,SEQ-160194,8
CPDC161044,SEQ-160056,7
CPDC161044,SEQ-160057,7
CPDC161044,SEQ-160074,7
CPDC161044,SEQ-160110,7
CPDC161044,SEQ-160113,7
CPDC161044,SEQ-160144,7
CPDC161044,SEQ-160194,7
CPDC161046,SEQ-160056,7
CPDC161046,SEQ-160057,7
CPDC161046,SEQ-160074,7
CPDC161046,SEQ-160110,7
CPDC161046,SEQ-160113,7
CPDC161046,SEQ-160144,7
CPDC161046,SEQ-160194,7
CPDC161047,SEQ-160056,8
CPDC161047,SEQ-160058,8
CPDC161047,SEQ-160057,8
CPDC161047,SEQ-160074,8
CPDC161047,SEQ-160110,8
CPDC161047,SEQ-160113,8
CPDC161047,SEQ-160144,8
CPDC161047,SEQ-160194,8
CPDC161049,SEQ-160056,8
CPDC161049,SEQ-160058,8
CPDC161049,SEQ-160057,8
CPDC161049,SEQ-160074,8
CPDC161049,SEQ-160110,8
CPDC161049,SEQ-160113,8
CPDC161049,SEQ-160144,8
CPDC161049,SEQ-160194,8
CPDC161051,SEQ-160056,7
CPDC161051,SEQ-160057,7
CPDC161051,SEQ-160074,7
CPDC161051,SEQ-160110,7
CPDC161051,SEQ-160113,7
CPDC161051,SEQ-160144,7
CPDC161051,SEQ-160194,7
CPDC161058,SEQ-160060,2
CPDC161058,SEQ-160064,2
CPDC161061,SEQ-160060,2
CPDC161061,SEQ-160064,2
CPDC161067,SEQ-160056,8
CPDC161067,SEQ-160058,8
CPDC161067,SEQ-160057,8
CPDC161067,SEQ-160074,8
CPDC161067,SEQ-160110,8
CPDC161067,SEQ-160113,8
CPDC161067,SEQ-160144,8
CPDC161067,SEQ-160194,8
CPDC161070,SEQ-160056,7
CPDC161070,SEQ-160057,7
CPDC161070,SEQ-160074,7
CPDC161070,SEQ-160110,7
CPDC161070,SEQ-160113,7
CPDC161070,SEQ-160144,7
CPDC161070,SEQ-160194,7
CPDC161071,SEQ-160056,9
CPDC161071,SEQ-160058,9
CPDC161071,SEQ-160057,9
CPDC161071,SEQ-160060,9
CPDC161071,SEQ-160074,9
CPDC161071,SEQ-160110,9
CPDC161071,SEQ-160113,9
CPDC161071,SEQ-160144,9
CPDC161071,SEQ-160194,9
CPDC161084,SEQ-160059,2
CPDC161084,SEQ-160066,2
CPDC161090,SEQ-160059,2
CPDC161090,SEQ-160058,2
CPDC161095,SEQ-160060,2
CPDC161095,SEQ-160064,2
CPDC161112,SEQ-160062,2
CPDC161112,SEQ-160061,2
CPDC161113,SEQ-160060,4
CPDC161113,SEQ-160064,4
CPDC161113,SEQ-160080,4
CPDC161113,SEQ-160088,4
CPDC161116,SEQ-160061,2
CPDC161116,SEQ-160080,2
CPDC161121,SEQ-160060,2
CPDC161121,SEQ-160063,2
CPDC161125,SEQ-160063,2
CPDC161125,SEQ-160061,2
CPDC161130,SEQ-160062,2
CPDC161130,SEQ-160066,2
CPDC161134,SEQ-160064,2
CPDC161134,SEQ-160069,2
CPDC161139,SEQ-160062,2
CPDC161139,SEQ-160066,2
CPDC161159,SEQ-160064,2
CPDC161159,SEQ-160069,2
CPDC161171,SEQ-160062,2
CPDC161171,SEQ-160063,2
CPDC161175,SEQ-160069,4
CPDC161175,SEQ-160073,4
CPDC161175,SEQ-160080,4
CPDC161175,SEQ-160088,4
CPDC161194,SEQ-160062,2
CPDC161194,SEQ-160063,2
CPDC161196,SEQ-160063,2
CPDC161196,SEQ-160065,2
CPDC161201,SEQ-160064,2
CPDC161201,SEQ-160073,2
CPDC161206,SEQ-160064,2
CPDC161206,SEQ-160066,2
CPDC161245,SEQ-160066,2
CPDC161245,SEQ-160071,2
CPDC161253,SEQ-160068,2
CPDC161253,SEQ-160081,2
CPDC161272,SEQ-160066,2
CPDC161272,SEQ-160068,2
CPDC161275,SEQ-160071,2
CPDC161275,SEQ-160068,2
CPDC161278,SEQ-160069,2
CPDC161278,SEQ-160071,2
CPDC161297,SEQ-160069,4
CPDC161297,SEQ-160073,4
CPDC161297,SEQ-160091,4
CPDC161297,SEQ-160092,4
CPDC161301,SEQ-160068,2
CPDC161301,SEQ-160081,2
CPDC161305,SEQ-160068,2
CPDC161305,SEQ-160081,2
CPDC161307,SEQ-160069,4
CPDC161307,SEQ-160073,4
CPDC161307,SEQ-160091,4
CPDC161307,SEQ-160092,4
CPDC161308,SEQ-160069,2
CPDC161308,SEQ-160071,2
CPDC161309,SEQ-160068,2
CPDC161309,SEQ-160081,2
CPDC161338,SEQ-160071,2
CPDC161338,SEQ-160080,2
CPDC161340,SEQ-160071,2
CPDC161340,SEQ-160080,2
CPDC161363,SEQ-160073,4
CPDC161363,SEQ-160080,4
CPDC161363,SEQ-160089,4
CPDC161363,SEQ-160091,4
CPDC161371,SEQ-160073,4
CPDC161371,SEQ-160080,4
CPDC161371,SEQ-160089,4
CPDC161371,SEQ-160091,4
CPDC161373,SEQ-160073,2
CPDC161373,SEQ-160077,2
CPDC161375,SEQ-160073,4
CPDC161375,SEQ-160080,4
CPDC161375,SEQ-160089,4
CPDC161375,SEQ-160091,4
CPDC161378,SEQ-160073,2
CPDC161378,SEQ-160086,2
CPDC161391,SEQ-160072,2
CPDC161391,SEQ-160077,2
CPDC161393,SEQ-160073,2
CPDC161393,SEQ-160072,2
CPDC161401,SEQ-160081,2
CPDC161401,SEQ-160096,2
CPDC161406,SEQ-160080,3
CPDC161406,SEQ-160089,3
CPDC161406,SEQ-160091,3
CPDC161414,SEQ-160076,2
CPDC161414,SEQ-160077,2
CPDC161431,SEQ-160078,3
CPDC161431,SEQ-160077,3
CPDC161431,SEQ-160079,3
CPDC161433,SEQ-160078,3
CPDC161433,SEQ-160079,3
CPDC161433,SEQ-160090,3
CPDC161443,SEQ-160078,2
CPDC161443,SEQ-160079,2
CPDC161446,SEQ-160078,2
CPDC161446,SEQ-160079,2
CPDC161447,SEQ-160078,2
CPDC161447,SEQ-160079,2
CPDC161449,SEQ-160078,2
CPDC161449,SEQ-160079,2
CPDC161450,SEQ-160078,2
CPDC161450,SEQ-160079,2
CPDC161451,SEQ-160078,2
CPDC161451,SEQ-160079,2
CPDC161452,SEQ-160078,2
CPDC161452,SEQ-160079,2
CPDC161461,SEQ-160078,3
CPDC161461,SEQ-160077,3
CPDC161461,SEQ-160079,3
CPDC161462,SEQ-160078,2
CPDC161462,SEQ-160079,2
CPDC161464,SEQ-160078,2
CPDC161464,SEQ-160079,2
CPDC161465,SEQ-160078,3
CPDC161465,SEQ-160077,3
CPDC161465,SEQ-160079,3
CPDC161466,SEQ-160078,2
CPDC161466,SEQ-160079,2
CPDC161467,SEQ-160078,3
CPDC161467,SEQ-160077,3
CPDC161467,SEQ-160079,3
CPDC161468,SEQ-160078,2
CPDC161468,SEQ-160079,2
CPDC161482,SEQ-160080,3
CPDC161482,SEQ-160089,3
CPDC161482,SEQ-160091,3
CPDC161493,SEQ-160083,2
CPDC161493,SEQ-160094,2
CPDC161495,SEQ-160083,3
CPDC161495,SEQ-160084,3
CPDC161495,SEQ-160094,3
CPDC161500,SEQ-160087,2
CPDC161500,SEQ-160093,2
CPDC161501,SEQ-160086,2
CPDC161501,SEQ-160096,2
CPDC161506,SEQ-160083,3
CPDC161506,SEQ-160084,3
CPDC161506,SEQ-160094,3
CPDC161509,SEQ-160087,3
CPDC161509,SEQ-160093,3
CPDC161509,SEQ-160106,3
CPDC161512,SEQ-160087,4
CPDC161512,SEQ-160088,4
CPDC161512,SEQ-160093,4
CPDC161512,SEQ-160106,4
CPDC161514,SEQ-160087,2
CPDC161514,SEQ-160093,2
CPDC161515,SEQ-160083,2
CPDC161515,SEQ-160092,2
CPDC161516,SEQ-160087,3
CPDC161516,SEQ-160093,3
CPDC161516,SEQ-160109,3
CPDC161518,SEQ-160083,2
CPDC161518,SEQ-160093,2
CPDC161522,SEQ-160084,2
CPDC161522,SEQ-160095,2
CPDC161527,SEQ-160084,2
CPDC161527,SEQ-160095,2
CPDC161531,SEQ-160086,2
CPDC161531,SEQ-160092,2
CPDC161538,SEQ-160086,2
CPDC161538,SEQ-160104,2
CPDC161541,SEQ-160086,2
CPDC161541,SEQ-160104,2
CPDC161550,SEQ-160094,3
CPDC161550,SEQ-160100,3
CPDC161550,SEQ-160101,3
CPDC161552,SEQ-160086,3
CPDC161552,SEQ-160099,3
CPDC161552,SEQ-160106,3
CPDC161554,SEQ-160087,2
CPDC161554,SEQ-160093,2
CPDC161560,SEQ-160087,2
CPDC161560,SEQ-160095,2
CPDC161561,SEQ-160087,2
CPDC161561,SEQ-160090,2
CPDC161563,SEQ-160089,2
CPDC161563,SEQ-160091,2
CPDC161564,SEQ-160089,2
CPDC161564,SEQ-160091,2
CPDC161565,SEQ-160089,2
CPDC161565,SEQ-160091,2
CPDC161566,SEQ-160089,3
CPDC161566,SEQ-160090,3
CPDC161566,SEQ-160091,3
CPDC161567,SEQ-160089,2
CPDC161567,SEQ-160091,2
CPDC161568,SEQ-160089,2
CPDC161568,SEQ-160091,2
CPDC161569,SEQ-160088,2
CPDC161569,SEQ-160090,2
CPDC161573,SEQ-160088,2
CPDC161573,SEQ-160092,2
CPDC161575,SEQ-160094,3
CPDC161575,SEQ-160100,3
CPDC161575,SEQ-160101,3
CPDC161577,SEQ-160094,3
CPDC161577,SEQ-160100,3
CPDC161577,SEQ-160101,3
CPDC161580,SEQ-160089,2
CPDC161580,SEQ-160091,2
CPDC161584,SEQ-160090,2
CPDC161584,SEQ-160092,2
CPDC161585,SEQ-160089,2
CPDC161585,SEQ-160091,2
CPDC161586,SEQ-160089,2
CPDC161586,SEQ-160091,2
CPDC161588,SEQ-160094,4
CPDC161588,SEQ-160100,4
CPDC161588,SEQ-160101,4
CPDC161588,SEQ-160115,4
CPDC161590,SEQ-160094,3
CPDC161590,SEQ-160098,3
CPDC161590,SEQ-160101,3
CPDC161593,SEQ-160094,3
CPDC161593,SEQ-160098,3
CPDC161593,SEQ-160101,3
CPDC161594,SEQ-160090,2
CPDC161594,SEQ-160092,2
CPDC161598,SEQ-160094,3
CPDC161598,SEQ-160098,3
CPDC161598,SEQ-160101,3
CPDC161607,SEQ-160094,3
CPDC161607,SEQ-160098,3
CPDC161607,SEQ-160101,3
CPDC161611,SEQ-160094,5
CPDC161611,SEQ-160099,5
CPDC161611,SEQ-160102,5
CPDC161611,SEQ-160115,5
CPDC161611,SEQ-160120,5
CPDC161613,SEQ-160094,3
CPDC161613,SEQ-160099,3
CPDC161613,SEQ-160102,3
CPDC161618,SEQ-160094,5
CPDC161618,SEQ-160099,5
CPDC161618,SEQ-160102,5
CPDC161618,SEQ-160115,5
CPDC161618,SEQ-160120,5
CPDC161619,SEQ-160094,5
CPDC161619,SEQ-160098,5
CPDC161619,SEQ-160102,5
CPDC161619,SEQ-160115,5
CPDC161619,SEQ-160120,5
CPDC161620,SEQ-160094,5
CPDC161620,SEQ-160098,5
CPDC161620,SEQ-160102,5
CPDC161620,SEQ-160115,5
CPDC161620,SEQ-160120,5
CPDC161621,SEQ-160094,3
CPDC161621,SEQ-160098,3
CPDC161621,SEQ-160102,3
CPDC161622,SEQ-160094,4
CPDC161622,SEQ-160099,4
CPDC161622,SEQ-160102,4
CPDC161622,SEQ-160120,4
CPDC161644,SEQ-160099,3
CPDC161644,SEQ-160106,3
CPDC161644,SEQ-160109,3
CPDC161647,SEQ-160092,2
CPDC161647,SEQ-160093,2
CPDC161649,SEQ-160092,2
CPDC161649,SEQ-160094,2
CPDC161653,SEQ-160095,3
CPDC161653,SEQ-160100,3
CPDC161653,SEQ-160111,3
CPDC161657,SEQ-160096,5
CPDC161657,SEQ-160101,5
CPDC161657,SEQ-160115,5
CPDC161657,SEQ-160119,5
CPDC161657,SEQ-160124,5
CPDC161664,SEQ-160095,2
CPDC161664,SEQ-160100,2
CPDC161666,SEQ-160096,2
CPDC161666,SEQ-160100,2
CPDC161667,SEQ-160096,2
CPDC161667,SEQ-160100,2
CPDC161668,SEQ-160096,2
CPDC161668,SEQ-160100,2
CPDC161669,SEQ-160096,3
CPDC161669,SEQ-160098,3
CPDC161669,SEQ-160099,3
CPDC161670,SEQ-160098,2
CPDC161670,SEQ-160099,2
CPDC161675,SEQ-160100,2
CPDC161675,SEQ-160109,2
CPDC161700,SEQ-160104,2
CPDC161700,SEQ-160112,2
CPDC161704,SEQ-160099,2
CPDC161704,SEQ-160112,2
CPDC161706,SEQ-160099,2
CPDC161706,SEQ-160107,2
CPDC161720,SEQ-160101,4
CPDC161720,SEQ-160115,4
CPDC161720,SEQ-160119,4
CPDC161720,SEQ-160124,4
CPDC161721,SEQ-160101,2
CPDC161721,SEQ-160116,2
CPDC161729,SEQ-160101,2
CPDC161729,SEQ-160106,2
CPDC161731,SEQ-160101,2
CPDC161731,SEQ-160117,2
CPDC161744,SEQ-160102,2
CPDC161744,SEQ-160106,2
CPDC161746,SEQ-160102,2
CPDC161746,SEQ-160106,2
CPDC161749,SEQ-160104,2
CPDC161749,SEQ-160117,2
CPDC161750,SEQ-160104,2
CPDC161750,SEQ-160106,2
CPDC161767,SEQ-160107,3
CPDC161767,SEQ-160122,3
CPDC161767,SEQ-160129,3
CPDC161770,SEQ-160109,4
CPDC161770,SEQ-160115,4
CPDC161770,SEQ-160119,4
CPDC161770,SEQ-160124,4
CPDC161778,SEQ-160106,3
CPDC161778,SEQ-160118,3
CPDC161778,SEQ-160137,3
CPDC161786,SEQ-160107,2
CPDC161786,SEQ-160125,2
CPDC161797,SEQ-160111,3
CPDC161797,SEQ-160121,3
CPDC161797,SEQ-160149,3
CPDC161806,SEQ-160111,3
CPDC161806,SEQ-160118,3
CPDC161806,SEQ-160137,3
CPDC161820,SEQ-160115,3
CPDC161820,SEQ-160119,3
CPDC161820,SEQ-160124,3
CPDC161822,SEQ-160107,2
CPDC161822,SEQ-160125,2
CPDC161825,SEQ-160115,3
CPDC161825,SEQ-160119,3
CPDC161825,SEQ-160124,3
CPDC161826,SEQ-160107,3
CPDC161826,SEQ-160121,3
CPDC161826,SEQ-160149,3
CPDC161829,SEQ-160115,3
CPDC161829,SEQ-160118,3
CPDC161829,SEQ-160137,3
CPDC161831,SEQ-160115,4
CPDC161831,SEQ-160118,4
CPDC161831,SEQ-160124,4
CPDC161831,SEQ-160137,4
CPDC161845,SEQ-160115,3
CPDC161845,SEQ-160118,3
CPDC161845,SEQ-160137,3
CPDC161848,SEQ-160115,4
CPDC161848,SEQ-160118,4
CPDC161848,SEQ-160124,4
CPDC161848,SEQ-160137,4
CPDC161849,SEQ-160115,4
CPDC161849,SEQ-160118,4
CPDC161849,SEQ-160125,4
CPDC161849,SEQ-160137,4
CPDC161853,SEQ-160115,5
CPDC161853,SEQ-160118,5
CPDC161853,SEQ-160125,5
CPDC161853,SEQ-160129,5
CPDC161853,SEQ-160137,5
CPDC161859,SEQ-160115,3
CPDC161859,SEQ-160119,3
CPDC161859,SEQ-160124,3
CPDC161870,SEQ-160116,2
CPDC161870,SEQ-160119,2
CPDC161873,SEQ-160116,2
CPDC161873,SEQ-160121,2
CPDC161874,SEQ-160116,2
CPDC161874,SEQ-160121,2
CPDC161879,SEQ-160119,3
CPDC161879,SEQ-160118,3
CPDC161879,SEQ-160137,3
CPDC161880,SEQ-160118,2
CPDC161880,SEQ-160137,2
CPDC161881,SEQ-160118,2
CPDC161881,SEQ-160137,2
CPDC161882,SEQ-160118,2
CPDC161882,SEQ-160137,2
CPDC161883,SEQ-160118,2
CPDC161883,SEQ-160137,2
CPDC161890,SEQ-160118,2
CPDC161890,SEQ-160137,2
CPDC161891,SEQ-160121,2
CPDC161891,SEQ-160149,2
CPDC161892,SEQ-160118,4
CPDC161892,SEQ-160128,4
CPDC161892,SEQ-160130,4
CPDC161892,SEQ-160137,4
CPDC161893,SEQ-160118,2
CPDC161893,SEQ-160137,2
CPDC161895,SEQ-160118,2
CPDC161895,SEQ-160137,2
CPDC161896,SEQ-160118,2
CPDC161896,SEQ-160137,2
CPDC161897,SEQ-160118,2
CPDC161897,SEQ-160137,2
CPDC161898,SEQ-160118,2
CPDC161898,SEQ-160137,2
CPDC161899,SEQ-160118,2
CPDC161899,SEQ-160137,2
CPDC161901,SEQ-160119,2
CPDC161901,SEQ-160138,2
CPDC161902,SEQ-160119,2
CPDC161902,SEQ-160138,2
CPDC161906,SEQ-160119,2
CPDC161906,SEQ-160138,2
CPDC161920,SEQ-160122,2
CPDC161920,SEQ-160126,2
CPDC161921,SEQ-160122,2
CPDC161921,SEQ-160126,2
CPDC161922,SEQ-160122,2
CPDC161922,SEQ-160126,2
CPDC161923,SEQ-160122,2
CPDC161923,SEQ-160126,2
CPDC161926,SEQ-160121,2
CPDC161926,SEQ-160126,2
CPDC161933,SEQ-160121,2
CPDC161933,SEQ-160139,2
CPDC161938,SEQ-160122,2
CPDC161938,SEQ-160129,2
CPDC161947,SEQ-160122,2
CPDC161947,SEQ-160129,2
CPDC161948,SEQ-160122,2
CPDC161948,SEQ-160123,2
CPDC161959,SEQ-160122,2
CPDC161959,SEQ-160123,2
CPDC161964,SEQ-160128,3
CPDC161964,SEQ-160139,3
CPDC161964,SEQ-160145,3
CPDC161973,SEQ-160126,2
CPDC161973,SEQ-160124,2
CPDC161974,SEQ-160126,3
CPDC161974,SEQ-160124,3
CPDC161974,SEQ-160123,3
CPDC161987,SEQ-160127,3
CPDC161987,SEQ-160123,3
CPDC161987,SEQ-160139,3
CPDC161988,SEQ-160126,2
CPDC161988,SEQ-160129,2
CPDC161991,SEQ-160126,2
CPDC161991,SEQ-160123,2
CPDC161992,SEQ-160126,2
CPDC161992,SEQ-160123,2
CPDC162000,SEQ-160127,2
CPDC162000,SEQ-160123,2
CPDC162001,SEQ-160129,4
CPDC162001,SEQ-160131,4
CPDC162001,SEQ-160141,4
CPDC162001,SEQ-160151,4
CPDC162023,SEQ-160129,2
CPDC162023,SEQ-160138,2
CPDC162026,SEQ-160129,2
CPDC162026,SEQ-160170,2
CPDC162027,SEQ-160129,2
CPDC162027,SEQ-160170,2
CPDC162038,SEQ-160129,3
CPDC162038,SEQ-160123,3
CPDC162038,SEQ-160170,3
CPDC162054,SEQ-160130,2
CPDC162054,SEQ-160149,2
CPDC162056,SEQ-160130,2
CPDC162056,SEQ-160149,2
CPDC162068,SEQ-160130,2
CPDC162068,SEQ-160138,2
CPDC162070,SEQ-160131,2
CPDC162070,SEQ-160134,2
CPDC162071,SEQ-160131,2
CPDC162071,SEQ-160134,2
CPDC162076,SEQ-160133,2
CPDC162076,SEQ-160141,2
CPDC162112,SEQ-160135,2
CPDC162112,SEQ-160134,2
CPDC162113,SEQ-160141,2
CPDC162113,SEQ-160151,2
CPDC162115,SEQ-160141,2
CPDC162115,SEQ-160151,2
CPDC162116,SEQ-160139,2
CPDC162116,SEQ-160145,2
CPDC162124,SEQ-160138,2
CPDC162124,SEQ-160149,2
CPDC162127,SEQ-160139,2
CPDC162127,SEQ-160142,2
CPDC162132,SEQ-160141,2
CPDC162132,SEQ-160151,2
CPDC162133,SEQ-160141,2
CPDC162133,SEQ-160153,2
CPDC162134,SEQ-160142,2
CPDC162134,SEQ-160141,2
CPDC162135,SEQ-160142,2
CPDC162135,SEQ-160141,2
CPDC162153,SEQ-160142,2
CPDC162153,SEQ-160153,2
CPDC162155,SEQ-160145,2
CPDC162155,SEQ-160153,2
CPDC162161,SEQ-160141,2
CPDC162161,SEQ-160149,2
CPDC162189,SEQ-160145,2
CPDC162189,SEQ-160149,2
CPDC162194,SEQ-160149,2
CPDC162194,SEQ-160156,2
CPDC162217,SEQ-160152,2
CPDC162217,SEQ-160156,2
CPDC162223,SEQ-160152,2
CPDC162223,SEQ-160149,2
CPDC162227,SEQ-160152,2
CPDC162227,SEQ-160149,2
CPDC162232,SEQ-160151,2
CPDC162232,SEQ-160149,2
CPDC162233,SEQ-160151,3
CPDC162233,SEQ-160149,3
CPDC162233,SEQ-160156,3
CPDC162241,SEQ-160153,2
CPDC162241,SEQ-160158,2
CPDC162242,SEQ-160157,2
CPDC162242,SEQ-160159,2
CPDC162245,SEQ-160157,2
CPDC162245,SEQ-160159,2
CPDC162246,SEQ-160153,2
CPDC162246,SEQ-160169,2
CPDC162248,SEQ-160154,2
CPDC162248,SEQ-160158,2
CPDC162251,SEQ-160153,2
CPDC162251,SEQ-160169,2
CPDC162253,SEQ-160154,3
CPDC162253,SEQ-160158,3
CPDC162253,SEQ-160192,3
CPDC162255,SEQ-160154,2
CPDC162255,SEQ-160158,2
CPDC162260,SEQ-160154,3
CPDC162260,SEQ-160158,3
CPDC162260,SEQ-160169,3
CPDC162264,SEQ-160154,2
CPDC162264,SEQ-160158,2
CPDC162265,SEQ-160154,2
CPDC162265,SEQ-160158,2
CPDC162274,SEQ-160158,2
CPDC162274,SEQ-160156,2
CPDC162282,SEQ-160157,2
CPDC162282,SEQ-160158,2
CPDC162300,SEQ-160160,5
CPDC162300,SEQ-160167,5
CPDC162300,SEQ-160179,5
CPDC162300,SEQ-160183,5
CPDC162300,SEQ-160186,5
CPDC162305,SEQ-160160,2
CPDC162305,SEQ-160192,2
CPDC162310,SEQ-160158,2
CPDC162310,SEQ-160159,2
CPDC162311,SEQ-160158,2
CPDC162311,SEQ-160159,2
CPDC162318,SEQ-160160,2
CPDC162318,SEQ-160173,2
CPDC162321,SEQ-160160,2
CPDC162321,SEQ-160162,2
CPDC162322,SEQ-160160,2
CPDC162322,SEQ-160162,2
CPDC162328,SEQ-160160,5
CPDC162328,SEQ-160167,5
CPDC162328,SEQ-160179,5
CPDC162328,SEQ-160183,5
CPDC162328,SEQ-160186,5
CPDC162348,SEQ-160160,5
CPDC162348,SEQ-160167,5
CPDC162348,SEQ-160179,5
CPDC162348,SEQ-160183,5
CPDC162348,SEQ-160186,5
CPDC162349,SEQ-160161,3
CPDC162349,SEQ-160162,3
CPDC162349,SEQ-160166,3
CPDC162350,SEQ-160161,3
CPDC162350,SEQ-160162,3
CPDC162350,SEQ-160166,3
CPDC162352,SEQ-160161,2
CPDC162352,SEQ-160167,2
CPDC162364,SEQ-160167,4
CPDC162364,SEQ-160179,4
CPDC162364,SEQ-160183,4
CPDC162364,SEQ-160186,4
CPDC162385,SEQ-160162,4
CPDC162385,SEQ-160179,4
CPDC162385,SEQ-160183,4
CPDC162385,SEQ-160186,4
CPDC162392,SEQ-160164,4
CPDC162392,SEQ-160179,4
CPDC162392,SEQ-160183,4
CPDC162392,SEQ-160186,4
CPDC162394,SEQ-160164,4
CPDC162394,SEQ-160179,4
CPDC162394,SEQ-160183,4
CPDC162394,SEQ-160186,4
CPDC162397,SEQ-160167,4
CPDC162397,SEQ-160179,4
CPDC162397,SEQ-160183,4
CPDC162397,SEQ-160186,4
CPDC162398,SEQ-160164,3
CPDC162398,SEQ-160169,3
CPDC162398,SEQ-160184,3
CPDC162411,SEQ-160163,2
CPDC162411,SEQ-160170,2
CPDC162412,SEQ-160167,2
CPDC162412,SEQ-160170,2
CPDC162414,SEQ-160163,2
CPDC162414,SEQ-160170,2
CPDC162433,SEQ-160167,2
CPDC162433,SEQ-160177,2
CPDC162440,SEQ-160166,2
CPDC162440,SEQ-160170,2
CPDC162459,SEQ-160169,2
CPDC162459,SEQ-160180,2
CPDC162478,SEQ-160173,2
CPDC162478,SEQ-160174,2
CPDC162479,SEQ-160173,4
CPDC162479,SEQ-160179,4
CPDC162479,SEQ-160183,4
CPDC162479,SEQ-160186,4
CPDC162483,SEQ-160173,4
CPDC162483,SEQ-160179,4
CPDC162483,SEQ-160183,4
CPDC162483,SEQ-160186,4
CPDC162497,SEQ-160170,2
CPDC162497,SEQ-160171,2
CPDC162499,SEQ-160170,2
CPDC162499,SEQ-160171,2
CPDC162501,SEQ-160171,2
CPDC162501,SEQ-160180,2
CPDC162516,SEQ-160174,2
CPDC162516,SEQ-160180,2
CPDC162528,SEQ-160179,3
CPDC162528,SEQ-160183,3
CPDC162528,SEQ-160186,3
CPDC162532,SEQ-160179,3
CPDC162532,SEQ-160183,3
CPDC162532,SEQ-160186,3
CPDC162533,SEQ-160179,3
CPDC162533,SEQ-160183,3
CPDC162533,SEQ-160186,3
CPDC162534,SEQ-160179,4
CPDC162534,SEQ-160183,4
CPDC162534,SEQ-160186,4
CPDC162534,SEQ-160192,4
CPDC162536,SEQ-160179,3
CPDC162536,SEQ-160183,3
CPDC162536,SEQ-160186,3
CPDC162537,SEQ-160179,3
CPDC162537,SEQ-160183,3
CPDC162537,SEQ-160186,3
CPDC162538,SEQ-160177,2
CPDC162538,SEQ-160190,2
CPDC162539,SEQ-160179,3
CPDC162539,SEQ-160183,3
CPDC162539,SEQ-160186,3
CPDC162540,SEQ-160179,4
CPDC162540,SEQ-160183,4
CPDC162540,SEQ-160185,4
CPDC162540,SEQ-160186,4
CPDC162542,SEQ-160179,3
CPDC162542,SEQ-160183,3
CPDC162542,SEQ-160186,3
CPDC162543,SEQ-160179,3
CPDC162543,SEQ-160183,3
CPDC162543,SEQ-160186,3
CPDC162544,SEQ-160174,3
CPDC162544,SEQ-160176,3
CPDC162544,SEQ-160184,3
CPDC162545,SEQ-160174,3
CPDC162545,SEQ-160176,3
CPDC162545,SEQ-160190,3
CPDC162551,SEQ-160179,3
CPDC162551,SEQ-160183,3
CPDC162551,SEQ-160186,3
CPDC162554,SEQ-160174,2
CPDC162554,SEQ-160176,2
CPDC162566,SEQ-160179,3
CPDC162566,SEQ-160183,3
CPDC162566,SEQ-160186,3
CPDC162572,SEQ-160179,3
CPDC162572,SEQ-160183,3
CPDC162572,SEQ-160186,3
CPDC162573,SEQ-160179,3
CPDC162573,SEQ-160183,3
CPDC162573,SEQ-160186,3
CPDC162581,SEQ-160179,3
CPDC162581,SEQ-160183,3
CPDC162581,SEQ-160186,3
CPDC162583,SEQ-160177,2
CPDC162583,SEQ-160190,2
CPDC162593,SEQ-160178,3
CPDC162593,SEQ-160177,3
CPDC162593,SEQ-160184,3
CPDC162594,SEQ-160178,3
CPDC162594,SEQ-160177,3
CPDC162594,SEQ-160184,3
CPDC162595,SEQ-160178,3
CPDC162595,SEQ-160180,3
CPDC162595,SEQ-160190,3
CPDC162596,SEQ-160180,2
CPDC162596,SEQ-160190,2
CPDC162606,SEQ-160178,2
CPDC162606,SEQ-160181,2
CPDC162607,SEQ-160181,2
CPDC162607,SEQ-160198,2
CPDC162608,SEQ-160178,2
CPDC162608,SEQ-160181,2
CPDC162613,SEQ-160181,2
CPDC162613,SEQ-160190,2
CPDC162618,SEQ-160182,2
CPDC162618,SEQ-160192,2
CPDC162624,SEQ-160185,2
CPDC162624,SEQ-160192,2
CPDC162625,SEQ-160185,3
CPDC162625,SEQ-160192,3
CPDC162625,SEQ-160198,3
CPDC162633,SEQ-160185,2
CPDC162633,SEQ-160192,2
CPDC162649,SEQ-160185,2
CPDC162649,SEQ-160192,2
CPDC162657,SEQ-160180,2
CPDC162657,SEQ-160198,2
CPDC162658,SEQ-160181,2
CPDC162658,SEQ-160184,2
CPDC162661,SEQ-160185,2
CPDC162661,SEQ-160192,2
CPDC162666,SEQ-160184,2
CPDC162666,SEQ-160195,2
CPDC162670,SEQ-160184,2
CPDC162670,SEQ-160198,2
CPDC162672,SEQ-160184,2
CPDC162672,SEQ-160192,2
CPDC162673,SEQ-160185,2
CPDC162673,SEQ-160192,2
CPDC162676,SEQ-160185,2
CPDC162676,SEQ-160192,2
CPDC162682,SEQ-160184,2
CPDC162682,SEQ-160185,2
CPDC162695,SEQ-160184,2
CPDC162695,SEQ-160185,2
CPDC162712,SEQ-160187,2
CPDC162712,SEQ-160195,2
CPDC162739,SEQ-160188,2
CPDC162739,SEQ-160190,2
CPDC162742,SEQ-160188,2
CPDC162742,SEQ-160195,2
CPDC162745,SEQ-160188,2
CPDC162745,SEQ-160195,2
CPDC162749,SEQ-160190,2
CPDC162749,SEQ-160195,2
CPDC162758,SEQ-160191,2
CPDC162758,SEQ-160195,2
